team1,team2,toss_winner,toss_decision,result,dl_applied,winner,win_by_runs,win_by_wickets,venue
Sunrisers Hyderabad,Royal Challengers Bangalore,Royal Challengers Bangalore,field,normal,0,Sunrisers Hyderabad,35,0,"Rajiv Gandhi International Stadium, Uppal"
Mumbai Indians,Rising Pune Supergiant,Rising Pune Supergiant,field,normal,0,Rising Pune Supergiant,0,7,Maharashtra Cricket Association Stadium
Gujarat Lions,Kolkata Knight Riders,Kolkata Knight Riders,field,normal,0,Kolkata Knight Riders,0,10,Saurashtra Cricket Association Stadium
Rising Pune Supergiant,Kings XI Punjab,Kings XI Punjab,field,normal,0,Kings XI Punjab,0,6,Holkar Cricket Stadium
Royal Challengers Bangalore,Delhi Capitals,Royal Challengers Bangalore,bat,normal,0,Royal Challengers Bangalore,15,0,M Chinnaswamy Stadium
Gujarat Lions,Sunrisers Hyderabad,Sunrisers Hyderabad,field,normal,0,Sunrisers Hyderabad,0,9,"Rajiv Gandhi International Stadium, Uppal"
Kolkata Knight Riders,Mumbai Indians,Mumbai Indians,field,normal,0,Mumbai Indians,0,4,Wankhede Stadium
Royal Challengers Bangalore,Kings XI Punjab,Royal Challengers Bangalore,bat,normal,0,Kings XI Punjab,0,8,Holkar Cricket Stadium
Delhi Capitals,Rising Pune Supergiant,Rising Pune Supergiant,field,normal,0,Delhi Daredevils,97,0,Maharashtra Cricket Association Stadium
Sunrisers Hyderabad,Mumbai Indians,Mumbai Indians,field,normal,0,Mumbai Indians,0,4,Wankhede Stadium
Kings XI Punjab,Kolkata Knight Riders,Kolkata Knight Riders,field,normal,0,Kolkata Knight Riders,0,8,Eden Gardens
Royal Challengers Bangalore,Mumbai Indians,Mumbai Indians,field,normal,0,Mumbai Indians,0,4,M Chinnaswamy Stadium
Rising Pune Supergiant,Gujarat Lions,Gujarat Lions,field,normal,0,Gujarat Lions,0,7,Saurashtra Cricket Association Stadium
Kolkata Knight Riders,Sunrisers Hyderabad,Sunrisers Hyderabad,field,normal,0,Kolkata Knight Riders,17,0,Eden Gardens
Delhi Capitals,Kings XI Punjab,Delhi Daredevils,bat,normal,0,Delhi Daredevils,51,0,Feroz Shah Kotla
Gujarat Lions,Mumbai Indians,Mumbai Indians,field,normal,0,Mumbai Indians,0,6,Wankhede Stadium
Rising Pune Supergiant,Royal Challengers Bangalore,Royal Challengers Bangalore,field,normal,0,Rising Pune Supergiant,27,0,M Chinnaswamy Stadium
Delhi Capitals,Kolkata Knight Riders,Delhi Daredevils,bat,normal,0,Kolkata Knight Riders,0,4,Feroz Shah Kotla
Sunrisers Hyderabad,Kings XI Punjab,Kings XI Punjab,field,normal,0,Sunrisers Hyderabad,5,0,"Rajiv Gandhi International Stadium, Uppal"
Royal Challengers Bangalore,Gujarat Lions,Gujarat Lions,field,normal,0,Royal Challengers Bangalore,21,0,Saurashtra Cricket Association Stadium
Sunrisers Hyderabad,Delhi Capitals,Sunrisers Hyderabad,bat,normal,0,Sunrisers Hyderabad,15,0,"Rajiv Gandhi International Stadium, Uppal"
Kings XI Punjab,Mumbai Indians,Mumbai Indians,field,normal,0,Mumbai Indians,0,8,Holkar Cricket Stadium
Kolkata Knight Riders,Gujarat Lions,Gujarat Lions,field,normal,0,Gujarat Lions,0,4,Eden Gardens
Mumbai Indians,Delhi Capitals,Delhi Daredevils,field,normal,0,Mumbai Indians,14,0,Wankhede Stadium
Sunrisers Hyderabad,Rising Pune Supergiant,Rising Pune Supergiant,field,normal,0,Rising Pune Supergiant,0,6,Maharashtra Cricket Association Stadium
Kings XI Punjab,Gujarat Lions,Gujarat Lions,field,normal,0,Kings XI Punjab,26,0,Saurashtra Cricket Association Stadium
Kolkata Knight Riders,Royal Challengers Bangalore,Royal Challengers Bangalore,field,normal,0,Kolkata Knight Riders,82,0,Eden Gardens
Rising Pune Supergiant,Mumbai Indians,Mumbai Indians,field,normal,0,Rising Pune Supergiant,3,0,Wankhede Stadium
Rising Pune Supergiant,Kolkata Knight Riders,Kolkata Knight Riders,field,normal,0,Kolkata Knight Riders,0,7,Maharashtra Cricket Association Stadium
Royal Challengers Bangalore,Gujarat Lions,Gujarat Lions,field,normal,0,Gujarat Lions,0,7,M Chinnaswamy Stadium
Delhi Capitals,Kolkata Knight Riders,Kolkata Knight Riders,field,normal,0,Kolkata Knight Riders,0,7,Eden Gardens
Sunrisers Hyderabad,Kings XI Punjab,Kings XI Punjab,field,normal,0,Sunrisers Hyderabad,26,0,"Punjab Cricket Association IS Bindra Stadium, Mohali"
Rising Pune Supergiant,Royal Challengers Bangalore,Royal Challengers Bangalore,field,normal,0,Rising Pune Supergiant,61,0,Maharashtra Cricket Association Stadium
Gujarat Lions,Mumbai Indians,Gujarat Lions,bat,tie,0,Mumbai Indians,0,0,Saurashtra Cricket Association Stadium
Delhi Capitals,Kings XI Punjab,Kings XI Punjab,field,normal,0,Kings XI Punjab,0,10,"Punjab Cricket Association IS Bindra Stadium, Mohali"
Sunrisers Hyderabad,Kolkata Knight Riders,Kolkata Knight Riders,field,normal,0,Sunrisers Hyderabad,48,0,"Rajiv Gandhi International Stadium, Uppal"
Royal Challengers Bangalore,Mumbai Indians,Royal Challengers Bangalore,bat,normal,0,Mumbai Indians,0,5,Wankhede Stadium
Gujarat Lions,Rising Pune Supergiant,Rising Pune Supergiant,field,normal,0,Rising Pune Supergiant,0,5,Maharashtra Cricket Association Stadium
Sunrisers Hyderabad,Delhi Capitals,Delhi Daredevils,field,normal,0,Delhi Daredevils,0,6,Feroz Shah Kotla
Kolkata Knight Riders,Rising Pune Supergiant,Rising Pune Supergiant,field,normal,0,Rising Pune Supergiant,0,4,Eden Gardens
Gujarat Lions,Delhi Capitals,Delhi Daredevils,field,normal,0,Delhi Daredevils,0,7,Feroz Shah Kotla
Kings XI Punjab,Royal Challengers Bangalore,Royal Challengers Bangalore,field,normal,0,Kings XI Punjab,19,0,M Chinnaswamy Stadium
Rising Pune Supergiant,Sunrisers Hyderabad,Sunrisers Hyderabad,field,normal,0,Rising Pune Supergiant,12,0,"Rajiv Gandhi International Stadium, Uppal"
Mumbai Indians,Delhi Capitals,Delhi Daredevils,field,normal,0,Mumbai Indians,146,0,Feroz Shah Kotla
Royal Challengers Bangalore,Kolkata Knight Riders,Kolkata Knight Riders,field,normal,0,Kolkata Knight Riders,0,6,M Chinnaswamy Stadium
Kings XI Punjab,Gujarat Lions,Gujarat Lions,field,normal,0,Gujarat Lions,0,6,"Punjab Cricket Association IS Bindra Stadium, Mohali"
Mumbai Indians,Sunrisers Hyderabad,Mumbai Indians,bat,normal,0,Sunrisers Hyderabad,0,7,"Rajiv Gandhi International Stadium, Uppal"
Kings XI Punjab,Kolkata Knight Riders,Kolkata Knight Riders,field,normal,0,Kings XI Punjab,14,0,"Punjab Cricket Association IS Bindra Stadium, Mohali"
Gujarat Lions,Delhi Capitals,Delhi Daredevils,field,normal,0,Delhi Daredevils,0,2,Green Park
Kings XI Punjab,Mumbai Indians,Mumbai Indians,field,normal,0,Kings XI Punjab,7,0,Wankhede Stadium
Delhi Capitals,Rising Pune Supergiant,Delhi Daredevils,bat,normal,0,Delhi Daredevils,7,0,Feroz Shah Kotla
Gujarat Lions,Sunrisers Hyderabad,Sunrisers Hyderabad,field,normal,0,Sunrisers Hyderabad,0,8,Green Park
Mumbai Indians,Kolkata Knight Riders,Kolkata Knight Riders,field,normal,0,Mumbai Indians,9,0,Eden Gardens
Kings XI Punjab,Rising Pune Supergiant,Rising Pune Supergiant,field,normal,0,Rising Pune Supergiant,0,9,Maharashtra Cricket Association Stadium
Royal Challengers Bangalore,Delhi Capitals,Royal Challengers Bangalore,bat,normal,0,Royal Challengers Bangalore,10,0,Feroz Shah Kotla
Rising Pune Supergiant,Mumbai Indians,Mumbai Indians,field,normal,0,Rising Pune Supergiant,20,0,Wankhede Stadium
Sunrisers Hyderabad,Kolkata Knight Riders,Kolkata Knight Riders,field,normal,1,Kolkata Knight Riders,0,7,M Chinnaswamy Stadium
Kolkata Knight Riders,Mumbai Indians,Mumbai Indians,field,normal,0,Mumbai Indians,0,6,M Chinnaswamy Stadium
Mumbai Indians,Rising Pune Supergiant,Mumbai Indians,bat,normal,0,Mumbai Indians,1,0,"Rajiv Gandhi International Stadium, Uppal"
Kolkata Knight Riders,Royal Challengers Bangalore,Royal Challengers Bangalore,field,normal,0,Kolkata Knight Riders,140,0,M Chinnaswamy Stadium
Chennai Super Kings,Kings XI Punjab,Chennai Super Kings,bat,normal,0,Chennai Super Kings,33,0,"Punjab Cricket Association Stadium, Mohali"
Rajasthan Royals,Delhi Capitals,Rajasthan Royals,bat,normal,0,Delhi Daredevils,0,9,Feroz Shah Kotla
Mumbai Indians,Royal Challengers Bangalore,Mumbai Indians,bat,normal,0,Royal Challengers Bangalore,0,5,Wankhede Stadium
Sunrisers Hyderabad,Kolkata Knight Riders,Deccan Chargers,bat,normal,0,Kolkata Knight Riders,0,5,Eden Gardens
Kings XI Punjab,Rajasthan Royals,Kings XI Punjab,bat,normal,0,Rajasthan Royals,0,6,Sawai Mansingh Stadium
Sunrisers Hyderabad,Delhi Capitals,Deccan Chargers,bat,normal,0,Delhi Daredevils,0,9,"Rajiv Gandhi International Stadium, Uppal"
Chennai Super Kings,Mumbai Indians,Mumbai Indians,field,normal,0,Chennai Super Kings,6,0,"MA Chidambaram Stadium, Chepauk"
Sunrisers Hyderabad,Rajasthan Royals,Rajasthan Royals,field,normal,0,Rajasthan Royals,0,3,"Rajiv Gandhi International Stadium, Uppal"
Kings XI Punjab,Mumbai Indians,Mumbai Indians,field,normal,0,Kings XI Punjab,66,0,"Punjab Cricket Association Stadium, Mohali"
Royal Challengers Bangalore,Rajasthan Royals,Rajasthan Royals,field,normal,0,Rajasthan Royals,0,7,M Chinnaswamy Stadium
Kolkata Knight Riders,Chennai Super Kings,Kolkata Knight Riders,bat,normal,0,Chennai Super Kings,0,9,"MA Chidambaram Stadium, Chepauk"
Mumbai Indians,Sunrisers Hyderabad,Deccan Chargers,field,normal,0,Deccan Chargers,0,10,Dr DY Patil Sports Academy
Delhi Capitals,Kings XI Punjab,Delhi Daredevils,bat,normal,0,Kings XI Punjab,0,4,"Punjab Cricket Association Stadium, Mohali"
Chennai Super Kings,Royal Challengers Bangalore,Chennai Super Kings,bat,normal,0,Chennai Super Kings,13,0,M Chinnaswamy Stadium
Kolkata Knight Riders,Mumbai Indians,Kolkata Knight Riders,bat,normal,0,Mumbai Indians,0,7,Eden Gardens
Delhi Capitals,Royal Challengers Bangalore,Royal Challengers Bangalore,field,normal,0,Delhi Daredevils,10,0,Feroz Shah Kotla
Sunrisers Hyderabad,Kings XI Punjab,Kings XI Punjab,field,normal,0,Kings XI Punjab,0,7,"Rajiv Gandhi International Stadium, Uppal"
Rajasthan Royals,Kolkata Knight Riders,Rajasthan Royals,bat,normal,0,Rajasthan Royals,45,0,Sawai Mansingh Stadium
Chennai Super Kings,Delhi Capitals,Chennai Super Kings,bat,normal,0,Delhi Daredevils,0,8,"MA Chidambaram Stadium, Chepauk"
Sunrisers Hyderabad,Royal Challengers Bangalore,Deccan Chargers,bat,normal,0,Royal Challengers Bangalore,0,5,"Rajiv Gandhi International Stadium, Uppal"
Kings XI Punjab,Kolkata Knight Riders,Kings XI Punjab,bat,normal,0,Kings XI Punjab,9,0,"Punjab Cricket Association Stadium, Mohali"
Mumbai Indians,Delhi Capitals,Delhi Daredevils,field,normal,0,Mumbai Indians,29,0,Dr DY Patil Sports Academy
Chennai Super Kings,Rajasthan Royals,Chennai Super Kings,bat,normal,0,Rajasthan Royals,0,8,Sawai Mansingh Stadium
Royal Challengers Bangalore,Kings XI Punjab,Kings XI Punjab,field,normal,0,Kings XI Punjab,0,6,M Chinnaswamy Stadium
Chennai Super Kings,Sunrisers Hyderabad,Deccan Chargers,field,normal,0,Deccan Chargers,0,7,"MA Chidambaram Stadium, Chepauk"
Rajasthan Royals,Mumbai Indians,Mumbai Indians,field,normal,0,Mumbai Indians,0,7,Dr DY Patil Sports Academy
Delhi Capitals,Chennai Super Kings,Chennai Super Kings,field,normal,0,Chennai Super Kings,0,4,Feroz Shah Kotla
Kolkata Knight Riders,Royal Challengers Bangalore,Kolkata Knight Riders,bat,normal,0,Kolkata Knight Riders,5,0,Eden Gardens
Sunrisers Hyderabad,Rajasthan Royals,Rajasthan Royals,field,normal,0,Rajasthan Royals,0,8,Sawai Mansingh Stadium
Royal Challengers Bangalore,Mumbai Indians,Mumbai Indians,field,normal,0,Mumbai Indians,0,9,M Chinnaswamy Stadium
Chennai Super Kings,Kings XI Punjab,Kings XI Punjab,field,normal,0,Chennai Super Kings,18,0,"MA Chidambaram Stadium, Chepauk"
Kolkata Knight Riders,Sunrisers Hyderabad,Kolkata Knight Riders,bat,normal,0,Kolkata Knight Riders,23,0,"Rajiv Gandhi International Stadium, Uppal"
Delhi Capitals,Rajasthan Royals,Rajasthan Royals,field,normal,0,Rajasthan Royals,0,3,Sawai Mansingh Stadium
Royal Challengers Bangalore,Kings XI Punjab,Royal Challengers Bangalore,bat,normal,0,Kings XI Punjab,0,9,"Punjab Cricket Association Stadium, Mohali"
Kolkata Knight Riders,Delhi Capitals,Kolkata Knight Riders,bat,normal,0,Kolkata Knight Riders,23,0,Eden Gardens
Chennai Super Kings,Mumbai Indians,Mumbai Indians,field,normal,0,Mumbai Indians,0,9,Wankhede Stadium
Kings XI Punjab,Rajasthan Royals,Rajasthan Royals,field,normal,0,Kings XI Punjab,41,0,"Punjab Cricket Association Stadium, Mohali"
Delhi Capitals,Sunrisers Hyderabad,Deccan Chargers,field,normal,0,Delhi Daredevils,12,0,Feroz Shah Kotla
Kolkata Knight Riders,Mumbai Indians,Mumbai Indians,field,normal,0,Mumbai Indians,0,8,Wankhede Stadium
Delhi Capitals,Kings XI Punjab,Delhi Daredevils,bat,normal,1,Kings XI Punjab,6,0,Feroz Shah Kotla
Rajasthan Royals,Royal Challengers Bangalore,Royal Challengers Bangalore,field,normal,0,Rajasthan Royals,65,0,Sawai Mansingh Stadium
Mumbai Indians,Sunrisers Hyderabad,Deccan Chargers,field,normal,0,Mumbai Indians,25,0,"Rajiv Gandhi International Stadium, Uppal"
Kolkata Knight Riders,Chennai Super Kings,Kolkata Knight Riders,bat,normal,1,Chennai Super Kings,3,0,Eden Gardens
Royal Challengers Bangalore,Delhi Capitals,Delhi Daredevils,field,normal,0,Delhi Daredevils,0,5,M Chinnaswamy Stadium
Kolkata Knight Riders,Rajasthan Royals,Rajasthan Royals,field,normal,0,Rajasthan Royals,0,6,Eden Gardens
Kings XI Punjab,Mumbai Indians,Mumbai Indians,field,normal,0,Kings XI Punjab,1,0,Wankhede Stadium
Royal Challengers Bangalore,Chennai Super Kings,Royal Challengers Bangalore,bat,normal,0,Royal Challengers Bangalore,14,0,"MA Chidambaram Stadium, Chepauk"
Sunrisers Hyderabad,Kings XI Punjab,Kings XI Punjab,field,normal,0,Kings XI Punjab,0,6,"Punjab Cricket Association Stadium, Mohali"
Mumbai Indians,Delhi Capitals,Delhi Daredevils,field,normal,0,Delhi Daredevils,0,5,Feroz Shah Kotla
Rajasthan Royals,Chennai Super Kings,Rajasthan Royals,bat,normal,0,Rajasthan Royals,10,0,"MA Chidambaram Stadium, Chepauk"
Royal Challengers Bangalore,Sunrisers Hyderabad,Deccan Chargers,field,normal,0,Royal Challengers Bangalore,3,0,M Chinnaswamy Stadium
Kings XI Punjab,Kolkata Knight Riders,Kings XI Punjab,bat,normal,0,Kolkata Knight Riders,0,3,Eden Gardens
Mumbai Indians,Rajasthan Royals,Rajasthan Royals,field,normal,0,Rajasthan Royals,0,5,Sawai Mansingh Stadium
Sunrisers Hyderabad,Chennai Super Kings,Deccan Chargers,bat,normal,0,Chennai Super Kings,0,7,"Rajiv Gandhi International Stadium, Uppal"
Rajasthan Royals,Delhi Capitals,Delhi Daredevils,field,normal,0,Rajasthan Royals,105,0,Wankhede Stadium
Kings XI Punjab,Chennai Super Kings,Kings XI Punjab,bat,normal,0,Chennai Super Kings,0,9,Wankhede Stadium
Chennai Super Kings,Rajasthan Royals,Rajasthan Royals,field,normal,0,Rajasthan Royals,0,3,Dr DY Patil Sports Academy
Mumbai Indians,Chennai Super Kings,Chennai Super Kings,field,normal,0,Mumbai Indians,19,0,Newlands
Royal Challengers Bangalore,Rajasthan Royals,Royal Challengers Bangalore,bat,normal,0,Royal Challengers Bangalore,75,0,Newlands
Kings XI Punjab,Delhi Capitals,Delhi Daredevils,field,normal,1,Delhi Daredevils,0,10,Newlands
Kolkata Knight Riders,Sunrisers Hyderabad,Kolkata Knight Riders,bat,normal,0,Deccan Chargers,0,8,Newlands
Chennai Super Kings,Royal Challengers Bangalore,Chennai Super Kings,bat,normal,0,Chennai Super Kings,92,0,St George's Park
Kings XI Punjab,Kolkata Knight Riders,Kolkata Knight Riders,field,normal,1,Kolkata Knight Riders,11,0,Kingsmead
Sunrisers Hyderabad,Royal Challengers Bangalore,Deccan Chargers,bat,normal,0,Deccan Chargers,24,0,Newlands
Delhi Capitals,Chennai Super Kings,Delhi Daredevils,bat,normal,0,Delhi Daredevils,9,0,Kingsmead
Rajasthan Royals,Kolkata Knight Riders,Kolkata Knight Riders,field,tie,0,Rajasthan Royals,0,0,Newlands
Royal Challengers Bangalore,Kings XI Punjab,Royal Challengers Bangalore,bat,normal,0,Kings XI Punjab,0,7,Kingsmead
Sunrisers Hyderabad,Mumbai Indians,Deccan Chargers,bat,normal,0,Deccan Chargers,12,0,Kingsmead
Royal Challengers Bangalore,Delhi Capitals,Royal Challengers Bangalore,bat,normal,0,Delhi Daredevils,0,6,St George's Park
Kings XI Punjab,Rajasthan Royals,Kings XI Punjab,bat,normal,0,Kings XI Punjab,27,0,Newlands
Chennai Super Kings,Sunrisers Hyderabad,Deccan Chargers,field,normal,0,Deccan Chargers,0,6,Kingsmead
Mumbai Indians,Kolkata Knight Riders,Mumbai Indians,bat,normal,0,Mumbai Indians,92,0,St George's Park
Delhi Capitals,Rajasthan Royals,Delhi Daredevils,bat,normal,0,Rajasthan Royals,0,5,SuperSport Park
Kolkata Knight Riders,Royal Challengers Bangalore,Kolkata Knight Riders,bat,normal,0,Royal Challengers Bangalore,0,5,Kingsmead
Kings XI Punjab,Mumbai Indians,Kings XI Punjab,bat,normal,0,Kings XI Punjab,3,0,Kingsmead
Sunrisers Hyderabad,Delhi Capitals,Delhi Daredevils,field,normal,0,Delhi Daredevils,0,6,SuperSport Park
Chennai Super Kings,Rajasthan Royals,Rajasthan Royals,field,normal,0,Chennai Super Kings,38,0,SuperSport Park
Mumbai Indians,Kolkata Knight Riders,Mumbai Indians,bat,normal,0,Mumbai Indians,9,0,Buffalo Park
Royal Challengers Bangalore,Kings XI Punjab,Royal Challengers Bangalore,bat,normal,0,Royal Challengers Bangalore,8,0,Kingsmead
Sunrisers Hyderabad,Rajasthan Royals,Deccan Chargers,bat,normal,0,Rajasthan Royals,0,3,St George's Park
Chennai Super Kings,Delhi Capitals,Delhi Daredevils,field,normal,0,Chennai Super Kings,18,0,New Wanderers Stadium
Kolkata Knight Riders,Kings XI Punjab,Kolkata Knight Riders,bat,normal,0,Kings XI Punjab,0,6,St George's Park
Mumbai Indians,Royal Challengers Bangalore,Mumbai Indians,bat,normal,0,Royal Challengers Bangalore,0,9,New Wanderers Stadium
Chennai Super Kings,Sunrisers Hyderabad,Chennai Super Kings,bat,normal,0,Chennai Super Kings,78,0,Buffalo Park
Rajasthan Royals,Kings XI Punjab,Kings XI Punjab,field,normal,0,Rajasthan Royals,78,0,Kingsmead
Kolkata Knight Riders,Delhi Capitals,Kolkata Knight Riders,bat,normal,0,Delhi Daredevils,0,9,Kingsmead
Sunrisers Hyderabad,Mumbai Indians,Deccan Chargers,bat,normal,0,Deccan Chargers,19,0,SuperSport Park
Royal Challengers Bangalore,Rajasthan Royals,Rajasthan Royals,field,normal,0,Rajasthan Royals,0,7,SuperSport Park
Chennai Super Kings,Kings XI Punjab,Chennai Super Kings,bat,normal,1,Chennai Super Kings,12,0,SuperSport Park
Mumbai Indians,Delhi Capitals,Mumbai Indians,bat,normal,0,Delhi Daredevils,0,7,Buffalo Park
Sunrisers Hyderabad,Kings XI Punjab,Kings XI Punjab,field,normal,0,Kings XI Punjab,0,3,De Beers Diamond Oval
Rajasthan Royals,Chennai Super Kings,Rajasthan Royals,bat,normal,0,Chennai Super Kings,0,7,De Beers Diamond Oval
Mumbai Indians,Royal Challengers Bangalore,Mumbai Indians,bat,normal,0,Mumbai Indians,16,0,St George's Park
Kolkata Knight Riders,Delhi Capitals,Delhi Daredevils,field,normal,0,Delhi Daredevils,0,7,New Wanderers Stadium
Sunrisers Hyderabad,Rajasthan Royals,Deccan Chargers,bat,normal,0,Deccan Chargers,53,0,De Beers Diamond Oval
Kolkata Knight Riders,Royal Challengers Bangalore,Royal Challengers Bangalore,field,normal,0,Royal Challengers Bangalore,0,6,SuperSport Park
Kings XI Punjab,Mumbai Indians,Kings XI Punjab,bat,normal,0,Mumbai Indians,0,8,SuperSport Park
Delhi Capitals,Sunrisers Hyderabad,Deccan Chargers,field,normal,0,Delhi Daredevils,12,0,Kingsmead
Chennai Super Kings,Royal Challengers Bangalore,Chennai Super Kings,bat,normal,0,Royal Challengers Bangalore,0,2,Kingsmead
Rajasthan Royals,Mumbai Indians,Rajasthan Royals,bat,normal,0,Rajasthan Royals,2,0,Kingsmead
Delhi Capitals,Kings XI Punjab,Kings XI Punjab,field,normal,0,Kings XI Punjab,0,6,OUTsurance Oval
Mumbai Indians,Chennai Super Kings,Mumbai Indians,bat,normal,0,Chennai Super Kings,0,7,St George's Park
Kolkata Knight Riders,Sunrisers Hyderabad,Deccan Chargers,field,normal,0,Deccan Chargers,0,6,New Wanderers Stadium
Kings XI Punjab,Sunrisers Hyderabad,Deccan Chargers,field,normal,0,Kings XI Punjab,1,0,New Wanderers Stadium
Delhi Capitals,Rajasthan Royals,Delhi Daredevils,bat,normal,0,Delhi Daredevils,14,0,OUTsurance Oval
Chennai Super Kings,Kolkata Knight Riders,Chennai Super Kings,bat,normal,0,Kolkata Knight Riders,0,7,SuperSport Park
Delhi Capitals,Royal Challengers Bangalore,Delhi Daredevils,bat,normal,0,Royal Challengers Bangalore,0,7,New Wanderers Stadium
Rajasthan Royals,Kolkata Knight Riders,Kolkata Knight Riders,field,normal,0,Kolkata Knight Riders,0,4,Kingsmead
Chennai Super Kings,Kings XI Punjab,Chennai Super Kings,bat,normal,0,Chennai Super Kings,24,0,Kingsmead
Mumbai Indians,Delhi Capitals,Delhi Daredevils,field,normal,0,Delhi Daredevils,0,4,SuperSport Park
Royal Challengers Bangalore,Sunrisers Hyderabad,Royal Challengers Bangalore,bat,normal,0,Royal Challengers Bangalore,12,0,SuperSport Park
Delhi Capitals,Sunrisers Hyderabad,Deccan Chargers,field,normal,0,Deccan Chargers,0,6,SuperSport Park
Chennai Super Kings,Royal Challengers Bangalore,Royal Challengers Bangalore,field,normal,0,Royal Challengers Bangalore,0,6,New Wanderers Stadium
Sunrisers Hyderabad,Royal Challengers Bangalore,Royal Challengers Bangalore,field,normal,0,Deccan Chargers,6,0,New Wanderers Stadium
Kolkata Knight Riders,Sunrisers Hyderabad,Deccan Chargers,field,normal,0,Kolkata Knight Riders,11,0,Dr DY Patil Sports Academy
Mumbai Indians,Rajasthan Royals,Mumbai Indians,bat,normal,0,Mumbai Indians,4,0,Brabourne Stadium
Kings XI Punjab,Delhi Capitals,Delhi Daredevils,field,normal,0,Delhi Daredevils,0,5,"Punjab Cricket Association Stadium, Mohali"
Royal Challengers Bangalore,Kolkata Knight Riders,Kolkata Knight Riders,field,normal,0,Kolkata Knight Riders,0,7,Eden Gardens
Sunrisers Hyderabad,Chennai Super Kings,Deccan Chargers,bat,normal,0,Deccan Chargers,31,0,"MA Chidambaram Stadium, Chepauk"
Rajasthan Royals,Delhi Capitals,Delhi Daredevils,field,normal,0,Delhi Daredevils,0,6,"Sardar Patel Stadium, Motera"
Kings XI Punjab,Royal Challengers Bangalore,Kings XI Punjab,bat,normal,0,Royal Challengers Bangalore,0,8,M Chinnaswamy Stadium
Chennai Super Kings,Kolkata Knight Riders,Chennai Super Kings,bat,normal,0,Chennai Super Kings,55,0,Eden Gardens
Mumbai Indians,Delhi Capitals,Delhi Daredevils,field,normal,0,Mumbai Indians,98,0,Feroz Shah Kotla
Rajasthan Royals,Royal Challengers Bangalore,Royal Challengers Bangalore,field,normal,0,Royal Challengers Bangalore,0,10,M Chinnaswamy Stadium
Delhi Capitals,Chennai Super Kings,Delhi Daredevils,bat,normal,0,Chennai Super Kings,0,5,Feroz Shah Kotla
Sunrisers Hyderabad,Kings XI Punjab,Kings XI Punjab,field,normal,0,Deccan Chargers,6,0,Barabati Stadium
Rajasthan Royals,Kolkata Knight Riders,Rajasthan Royals,bat,normal,0,Rajasthan Royals,34,0,"Sardar Patel Stadium, Motera"
Mumbai Indians,Royal Challengers Bangalore,Mumbai Indians,bat,normal,0,Royal Challengers Bangalore,0,7,Brabourne Stadium
Sunrisers Hyderabad,Delhi Capitals,Deccan Chargers,bat,normal,0,Deccan Chargers,10,0,Barabati Stadium
Kings XI Punjab,Chennai Super Kings,Chennai Super Kings,field,tie,0,Kings XI Punjab,0,0,"MA Chidambaram Stadium, Chepauk"
Kolkata Knight Riders,Mumbai Indians,Kolkata Knight Riders,bat,normal,0,Mumbai Indians,0,7,Brabourne Stadium
Royal Challengers Bangalore,Chennai Super Kings,Chennai Super Kings,field,normal,0,Royal Challengers Bangalore,36,0,M Chinnaswamy Stadium
Rajasthan Royals,Kings XI Punjab,Kings XI Punjab,field,normal,0,Rajasthan Royals,31,0,"Punjab Cricket Association Stadium, Mohali"
Chennai Super Kings,Mumbai Indians,Mumbai Indians,field,normal,0,Mumbai Indians,0,5,Brabourne Stadium
Sunrisers Hyderabad,Rajasthan Royals,Deccan Chargers,bat,normal,0,Rajasthan Royals,0,8,"Sardar Patel Stadium, Motera"
Kolkata Knight Riders,Kings XI Punjab,Kolkata Knight Riders,bat,normal,0,Kolkata Knight Riders,39,0,"Punjab Cricket Association Stadium, Mohali"
Delhi Capitals,Royal Challengers Bangalore,Royal Challengers Bangalore,field,normal,0,Delhi Daredevils,17,0,M Chinnaswamy Stadium
Rajasthan Royals,Chennai Super Kings,Rajasthan Royals,bat,normal,0,Rajasthan Royals,17,0,"Sardar Patel Stadium, Motera"
Mumbai Indians,Sunrisers Hyderabad,Deccan Chargers,field,normal,0,Mumbai Indians,41,0,Dr DY Patil Sports Academy
Delhi Capitals,Kolkata Knight Riders,Delhi Daredevils,bat,normal,0,Delhi Daredevils,40,0,Feroz Shah Kotla
Kings XI Punjab,Mumbai Indians,Mumbai Indians,field,normal,0,Mumbai Indians,0,4,Brabourne Stadium
Royal Challengers Bangalore,Chennai Super Kings,Royal Challengers Bangalore,bat,normal,0,Chennai Super Kings,0,5,"MA Chidambaram Stadium, Chepauk"
Delhi Capitals,Rajasthan Royals,Delhi Daredevils,bat,normal,0,Delhi Daredevils,67,0,Feroz Shah Kotla
Kolkata Knight Riders,Sunrisers Hyderabad,Kolkata Knight Riders,bat,normal,0,Kolkata Knight Riders,24,0,Eden Gardens
Kings XI Punjab,Royal Challengers Bangalore,Kings XI Punjab,bat,normal,0,Royal Challengers Bangalore,0,6,"Punjab Cricket Association Stadium, Mohali"
Chennai Super Kings,Rajasthan Royals,Chennai Super Kings,bat,normal,0,Chennai Super Kings,23,0,"MA Chidambaram Stadium, Chepauk"
Mumbai Indians,Sunrisers Hyderabad,Mumbai Indians,bat,normal,0,Mumbai Indians,63,0,Brabourne Stadium
Kolkata Knight Riders,Kings XI Punjab,Kolkata Knight Riders,bat,normal,0,Kings XI Punjab,0,8,Eden Gardens
Delhi Capitals,Royal Challengers Bangalore,Delhi Daredevils,bat,normal,0,Delhi Daredevils,37,0,Feroz Shah Kotla
Rajasthan Royals,Sunrisers Hyderabad,Rajasthan Royals,bat,normal,0,Rajasthan Royals,2,0,"Vidarbha Cricket Association Stadium, Jamtha"
Chennai Super Kings,Mumbai Indians,Chennai Super Kings,bat,normal,0,Chennai Super Kings,24,0,"MA Chidambaram Stadium, Chepauk"
Kings XI Punjab,Rajasthan Royals,Kings XI Punjab,bat,normal,0,Rajasthan Royals,0,9,Sawai Mansingh Stadium
Kolkata Knight Riders,Delhi Capitals,Kolkata Knight Riders,bat,normal,0,Kolkata Knight Riders,14,0,Eden Gardens
Royal Challengers Bangalore,Sunrisers Hyderabad,Deccan Chargers,field,normal,0,Deccan Chargers,0,7,M Chinnaswamy Stadium
Mumbai Indians,Kings XI Punjab,Mumbai Indians,bat,normal,0,Kings XI Punjab,0,6,"Punjab Cricket Association Stadium, Mohali"
Chennai Super Kings,Sunrisers Hyderabad,Chennai Super Kings,bat,normal,0,Deccan Chargers,0,6,"Vidarbha Cricket Association Stadium, Jamtha"
Kolkata Knight Riders,Royal Challengers Bangalore,Royal Challengers Bangalore,field,normal,0,Royal Challengers Bangalore,0,7,M Chinnaswamy Stadium
Delhi Capitals,Kings XI Punjab,Delhi Daredevils,bat,normal,0,Kings XI Punjab,0,7,Feroz Shah Kotla
Mumbai Indians,Rajasthan Royals,Rajasthan Royals,field,normal,0,Mumbai Indians,37,0,Sawai Mansingh Stadium
Sunrisers Hyderabad,Royal Challengers Bangalore,Royal Challengers Bangalore,field,normal,0,Deccan Chargers,13,0,"Vidarbha Cricket Association Stadium, Jamtha"
Mumbai Indians,Delhi Capitals,Mumbai Indians,bat,normal,0,Mumbai Indians,39,0,Brabourne Stadium
Kolkata Knight Riders,Chennai Super Kings,Kolkata Knight Riders,bat,normal,0,Chennai Super Kings,0,9,"MA Chidambaram Stadium, Chepauk"
Rajasthan Royals,Royal Challengers Bangalore,Rajasthan Royals,bat,normal,0,Royal Challengers Bangalore,0,5,Sawai Mansingh Stadium
Chennai Super Kings,Delhi Capitals,Chennai Super Kings,bat,normal,0,Delhi Daredevils,0,6,"MA Chidambaram Stadium, Chepauk"
Kings XI Punjab,Sunrisers Hyderabad,Deccan Chargers,field,normal,0,Deccan Chargers,0,5,Himachal Pradesh Cricket Association Stadium
Mumbai Indians,Royal Challengers Bangalore,Royal Challengers Bangalore,field,normal,0,Mumbai Indians,57,0,M Chinnaswamy Stadium
Rajasthan Royals,Kolkata Knight Riders,Rajasthan Royals,bat,normal,0,Kolkata Knight Riders,0,8,Eden Gardens
Kings XI Punjab,Chennai Super Kings,Chennai Super Kings,field,normal,0,Chennai Super Kings,0,6,Himachal Pradesh Cricket Association Stadium
Sunrisers Hyderabad,Delhi Capitals,Deccan Chargers,bat,normal,0,Deccan Chargers,11,0,Feroz Shah Kotla
Mumbai Indians,Kolkata Knight Riders,Mumbai Indians,bat,normal,0,Kolkata Knight Riders,0,9,Eden Gardens
Mumbai Indians,Royal Challengers Bangalore,Mumbai Indians,bat,normal,0,Mumbai Indians,35,0,Dr DY Patil Sports Academy
Chennai Super Kings,Sunrisers Hyderabad,Chennai Super Kings,bat,normal,0,Chennai Super Kings,38,0,Dr DY Patil Sports Academy
Sunrisers Hyderabad,Royal Challengers Bangalore,Deccan Chargers,bat,normal,0,Royal Challengers Bangalore,0,9,Dr DY Patil Sports Academy
Chennai Super Kings,Mumbai Indians,Chennai Super Kings,bat,normal,0,Chennai Super Kings,22,0,Dr DY Patil Sports Academy
Chennai Super Kings,Kolkata Knight Riders,Chennai Super Kings,bat,normal,0,Chennai Super Kings,2,0,"MA Chidambaram Stadium, Chepauk"
Sunrisers Hyderabad,Rajasthan Royals,Rajasthan Royals,field,normal,0,Rajasthan Royals,0,8,"Rajiv Gandhi International Stadium, Uppal"
Kochi Tuskers Kerala,Royal Challengers Bangalore,Kochi Tuskers Kerala,bat,normal,0,Royal Challengers Bangalore,0,6,Nehru Stadium
Delhi Capitals,Mumbai Indians,Delhi Daredevils,bat,normal,0,Mumbai Indians,0,8,Feroz Shah Kotla
Kings XI Punjab,Pune Warriors,Kings XI Punjab,bat,normal,0,Pune Warriors,0,7,Dr DY Patil Sports Academy
Kolkata Knight Riders,Sunrisers Hyderabad,Kolkata Knight Riders,bat,normal,0,Kolkata Knight Riders,9,0,Eden Gardens
Delhi Capitals,Rajasthan Royals,Delhi Daredevils,bat,normal,0,Rajasthan Royals,0,6,Sawai Mansingh Stadium
Royal Challengers Bangalore,Mumbai Indians,Mumbai Indians,field,normal,0,Mumbai Indians,0,9,M Chinnaswamy Stadium
Chennai Super Kings,Kings XI Punjab,Kings XI Punjab,field,normal,0,Kings XI Punjab,0,6,"Punjab Cricket Association Stadium, Mohali"
Kochi Tuskers Kerala,Pune Warriors,Kochi Tuskers Kerala,bat,normal,0,Pune Warriors,0,4,Dr DY Patil Sports Academy
Sunrisers Hyderabad,Royal Challengers Bangalore,Royal Challengers Bangalore,field,normal,0,Deccan Chargers,33,0,"Rajiv Gandhi International Stadium, Uppal"
Rajasthan Royals,Kolkata Knight Riders,Kolkata Knight Riders,field,normal,0,Kolkata Knight Riders,0,9,Sawai Mansingh Stadium
Mumbai Indians,Kochi Tuskers Kerala,Kochi Tuskers Kerala,field,normal,0,Kochi Tuskers Kerala,0,8,Wankhede Stadium
Chennai Super Kings,Royal Challengers Bangalore,Chennai Super Kings,bat,normal,0,Chennai Super Kings,21,0,"MA Chidambaram Stadium, Chepauk"
Sunrisers Hyderabad,Kings XI Punjab,Kings XI Punjab,field,normal,0,Kings XI Punjab,0,8,"Rajiv Gandhi International Stadium, Uppal"
Pune Warriors,Delhi Capitals,Delhi Daredevils,field,normal,0,Delhi Daredevils,0,3,Dr DY Patil Sports Academy
Rajasthan Royals,Kolkata Knight Riders,Kolkata Knight Riders,field,normal,0,Kolkata Knight Riders,0,8,Eden Gardens
Chennai Super Kings,Kochi Tuskers Kerala,Kochi Tuskers Kerala,field,normal,1,Kochi Tuskers Kerala,0,7,Nehru Stadium
Sunrisers Hyderabad,Delhi Capitals,Deccan Chargers,bat,normal,0,Deccan Chargers,16,0,Feroz Shah Kotla
Pune Warriors,Mumbai Indians,Pune Warriors,bat,normal,0,Mumbai Indians,0,7,Wankhede Stadium
Kochi Tuskers Kerala,Kolkata Knight Riders,Kolkata Knight Riders,field,normal,0,Kochi Tuskers Kerala,6,0,Eden Gardens
Kings XI Punjab,Rajasthan Royals,Rajasthan Royals,field,normal,0,Kings XI Punjab,48,0,"Punjab Cricket Association Stadium, Mohali"
Mumbai Indians,Chennai Super Kings,Chennai Super Kings,field,normal,0,Mumbai Indians,8,0,Wankhede Stadium
Kolkata Knight Riders,Royal Challengers Bangalore,Royal Challengers Bangalore,field,normal,0,Royal Challengers Bangalore,0,9,Eden Gardens
Delhi Capitals,Kings XI Punjab,Kings XI Punjab,field,normal,0,Delhi Daredevils,29,0,Feroz Shah Kotla
Mumbai Indians,Sunrisers Hyderabad,Deccan Chargers,field,normal,0,Mumbai Indians,37,0,"Rajiv Gandhi International Stadium, Uppal"
Kochi Tuskers Kerala,Rajasthan Royals,Rajasthan Royals,field,normal,0,Rajasthan Royals,0,8,Sawai Mansingh Stadium
Chennai Super Kings,Pune Warriors,Pune Warriors,field,normal,0,Chennai Super Kings,25,0,"MA Chidambaram Stadium, Chepauk"
Delhi Capitals,Royal Challengers Bangalore,Royal Challengers Bangalore,field,normal,0,Royal Challengers Bangalore,0,3,Feroz Shah Kotla
Pune Warriors,Chennai Super Kings,Pune Warriors,bat,normal,0,Chennai Super Kings,0,8,Dr DY Patil Sports Academy
Sunrisers Hyderabad,Kochi Tuskers Kerala,Kochi Tuskers Kerala,field,normal,0,Deccan Chargers,55,0,Nehru Stadium
Kolkata Knight Riders,Delhi Capitals,Delhi Daredevils,field,normal,0,Kolkata Knight Riders,17,0,Feroz Shah Kotla
Mumbai Indians,Rajasthan Royals,Rajasthan Royals,field,normal,0,Rajasthan Royals,0,7,Sawai Mansingh Stadium
Royal Challengers Bangalore,Pune Warriors,Pune Warriors,field,normal,0,Royal Challengers Bangalore,26,0,M Chinnaswamy Stadium
Delhi Capitals,Kochi Tuskers Kerala,Delhi Daredevils,bat,normal,0,Delhi Daredevils,38,0,Nehru Stadium
Kings XI Punjab,Kolkata Knight Riders,Kolkata Knight Riders,field,normal,0,Kolkata Knight Riders,0,8,Eden Gardens
Pune Warriors,Rajasthan Royals,Rajasthan Royals,field,normal,0,Rajasthan Royals,0,6,Sawai Mansingh Stadium
Chennai Super Kings,Sunrisers Hyderabad,Chennai Super Kings,bat,normal,0,Chennai Super Kings,19,0,"MA Chidambaram Stadium, Chepauk"
Mumbai Indians,Kings XI Punjab,Kings XI Punjab,field,normal,0,Mumbai Indians,23,0,Wankhede Stadium
Delhi Capitals,Kochi Tuskers Kerala,Kochi Tuskers Kerala,field,normal,0,Kochi Tuskers Kerala,0,7,Feroz Shah Kotla
Kolkata Knight Riders,Sunrisers Hyderabad,Deccan Chargers,field,normal,0,Kolkata Knight Riders,20,0,"Rajiv Gandhi International Stadium, Uppal"
Rajasthan Royals,Chennai Super Kings,Rajasthan Royals,bat,normal,0,Chennai Super Kings,0,8,"MA Chidambaram Stadium, Chepauk"
Mumbai Indians,Pune Warriors,Pune Warriors,field,normal,0,Mumbai Indians,21,0,Dr DY Patil Sports Academy
Kochi Tuskers Kerala,Kolkata Knight Riders,Kolkata Knight Riders,field,normal,0,Kochi Tuskers Kerala,17,0,Nehru Stadium
Sunrisers Hyderabad,Delhi Capitals,Delhi Daredevils,field,normal,0,Delhi Daredevils,0,4,"Rajiv Gandhi International Stadium, Uppal"
Royal Challengers Bangalore,Kings XI Punjab,Kings XI Punjab,field,normal,0,Royal Challengers Bangalore,85,0,M Chinnaswamy Stadium
Chennai Super Kings,Kolkata Knight Riders,Chennai Super Kings,bat,normal,1,Kolkata Knight Riders,10,0,Eden Gardens
Mumbai Indians,Delhi Capitals,Delhi Daredevils,field,normal,0,Mumbai Indians,32,0,Wankhede Stadium
Kochi Tuskers Kerala,Royal Challengers Bangalore,Kochi Tuskers Kerala,bat,normal,0,Royal Challengers Bangalore,0,9,M Chinnaswamy Stadium
Kings XI Punjab,Pune Warriors,Kings XI Punjab,bat,normal,0,Pune Warriors,0,5,"Punjab Cricket Association Stadium, Mohali"
Chennai Super Kings,Rajasthan Royals,Rajasthan Royals,field,normal,0,Chennai Super Kings,63,0,Sawai Mansingh Stadium
Sunrisers Hyderabad,Pune Warriors,Deccan Chargers,bat,normal,0,Pune Warriors,0,6,"Rajiv Gandhi International Stadium, Uppal"
Kings XI Punjab,Mumbai Indians,Mumbai Indians,field,normal,0,Kings XI Punjab,76,0,"Punjab Cricket Association Stadium, Mohali"
Rajasthan Royals,Royal Challengers Bangalore,Royal Challengers Bangalore,field,normal,0,Royal Challengers Bangalore,0,9,Sawai Mansingh Stadium
Chennai Super Kings,Delhi Capitals,Chennai Super Kings,bat,normal,0,Chennai Super Kings,18,0,"MA Chidambaram Stadium, Chepauk"
Kochi Tuskers Kerala,Kings XI Punjab,Kings XI Punjab,field,normal,0,Kings XI Punjab,0,6,Holkar Cricket Stadium
Kolkata Knight Riders,Royal Challengers Bangalore,Royal Challengers Bangalore,field,normal,1,Royal Challengers Bangalore,0,4,M Chinnaswamy Stadium
Sunrisers Hyderabad,Mumbai Indians,Deccan Chargers,bat,normal,0,Deccan Chargers,10,0,Wankhede Stadium
Kings XI Punjab,Delhi Capitals,Delhi Daredevils,field,normal,0,Kings XI Punjab,29,0,Himachal Pradesh Cricket Association Stadium
Rajasthan Royals,Kochi Tuskers Kerala,Kochi Tuskers Kerala,field,normal,0,Kochi Tuskers Kerala,0,8,Holkar Cricket Stadium
Pune Warriors,Sunrisers Hyderabad,Deccan Chargers,field,normal,0,Deccan Chargers,0,6,Dr DY Patil Sports Academy
Kings XI Punjab,Royal Challengers Bangalore,Kings XI Punjab,bat,normal,0,Kings XI Punjab,111,0,Himachal Pradesh Cricket Association Stadium
Chennai Super Kings,Kochi Tuskers Kerala,Chennai Super Kings,bat,normal,0,Chennai Super Kings,11,0,"MA Chidambaram Stadium, Chepauk"
Pune Warriors,Kolkata Knight Riders,Kolkata Knight Riders,field,normal,0,Kolkata Knight Riders,0,7,Dr DY Patil Sports Academy
Mumbai Indians,Rajasthan Royals,Mumbai Indians,bat,normal,0,Rajasthan Royals,0,10,Wankhede Stadium
Sunrisers Hyderabad,Kings XI Punjab,Kings XI Punjab,field,normal,0,Deccan Chargers,82,0,Himachal Pradesh Cricket Association Stadium
Delhi Capitals,Pune Warriors,Delhi Daredevils,bat,no result,0,,0,0,Feroz Shah Kotla
Chennai Super Kings,Royal Challengers Bangalore,Royal Challengers Bangalore,field,normal,0,Royal Challengers Bangalore,0,8,M Chinnaswamy Stadium
Kolkata Knight Riders,Mumbai Indians,Mumbai Indians,field,normal,0,Mumbai Indians,0,5,Eden Gardens
Royal Challengers Bangalore,Chennai Super Kings,Chennai Super Kings,field,normal,0,Chennai Super Kings,0,6,Wankhede Stadium
Kolkata Knight Riders,Mumbai Indians,Mumbai Indians,field,normal,0,Mumbai Indians,0,4,Wankhede Stadium
Royal Challengers Bangalore,Mumbai Indians,Mumbai Indians,field,normal,0,Royal Challengers Bangalore,43,0,"MA Chidambaram Stadium, Chepauk"
Chennai Super Kings,Royal Challengers Bangalore,Chennai Super Kings,bat,normal,0,Chennai Super Kings,58,0,"MA Chidambaram Stadium, Chepauk"
Chennai Super Kings,Mumbai Indians,Mumbai Indians,field,normal,0,Mumbai Indians,0,8,"MA Chidambaram Stadium, Chepauk"
Kolkata Knight Riders,Delhi Capitals,Delhi Daredevils,field,normal,0,Delhi Daredevils,0,8,Eden Gardens
Pune Warriors,Mumbai Indians,Mumbai Indians,field,normal,0,Pune Warriors,28,0,Wankhede Stadium
Rajasthan Royals,Kings XI Punjab,Kings XI Punjab,field,normal,0,Rajasthan Royals,31,0,Sawai Mansingh Stadium
Royal Challengers Bangalore,Delhi Capitals,Delhi Daredevils,field,normal,0,Royal Challengers Bangalore,20,0,M Chinnaswamy Stadium
Chennai Super Kings,Sunrisers Hyderabad,Deccan Chargers,field,normal,0,Chennai Super Kings,74,0,Dr. Y.S. Rajasekhara Reddy ACA-VDCA Cricket Stadium
Rajasthan Royals,Kolkata Knight Riders,Kolkata Knight Riders,field,normal,0,Rajasthan Royals,22,0,Sawai Mansingh Stadium
Pune Warriors,Kings XI Punjab,Pune Warriors,bat,normal,0,Pune Warriors,22,0,Subrata Roy Sahara Stadium
Sunrisers Hyderabad,Mumbai Indians,Deccan Chargers,bat,normal,0,Mumbai Indians,0,5,Dr. Y.S. Rajasekhara Reddy ACA-VDCA Cricket Stadium
Kolkata Knight Riders,Royal Challengers Bangalore,Royal Challengers Bangalore,field,normal,0,Kolkata Knight Riders,42,0,M Chinnaswamy Stadium
Chennai Super Kings,Delhi Capitals,Delhi Daredevils,field,normal,0,Delhi Daredevils,0,8,Feroz Shah Kotla
Mumbai Indians,Rajasthan Royals,Rajasthan Royals,field,normal,0,Mumbai Indians,27,0,Wankhede Stadium
Royal Challengers Bangalore,Chennai Super Kings,Royal Challengers Bangalore,bat,normal,0,Chennai Super Kings,0,5,"MA Chidambaram Stadium, Chepauk"
Pune Warriors,Kings XI Punjab,Kings XI Punjab,field,normal,0,Kings XI Punjab,0,7,"Punjab Cricket Association Stadium, Mohali"
Rajasthan Royals,Kolkata Knight Riders,Rajasthan Royals,bat,normal,0,Kolkata Knight Riders,0,5,Eden Gardens
Sunrisers Hyderabad,Delhi Capitals,Deccan Chargers,bat,normal,0,Delhi Daredevils,0,5,Feroz Shah Kotla
Chennai Super Kings,Pune Warriors,Chennai Super Kings,bat,normal,0,Pune Warriors,0,7,Subrata Roy Sahara Stadium
Kings XI Punjab,Kolkata Knight Riders,Kolkata Knight Riders,field,normal,0,Kings XI Punjab,2,0,Eden Gardens
Rajasthan Royals,Royal Challengers Bangalore,Rajasthan Royals,bat,normal,0,Rajasthan Royals,59,0,M Chinnaswamy Stadium
Mumbai Indians,Delhi Capitals,Delhi Daredevils,field,normal,0,Delhi Daredevils,0,7,Wankhede Stadium
Sunrisers Hyderabad,Rajasthan Royals,Deccan Chargers,bat,normal,0,Rajasthan Royals,0,5,Sawai Mansingh Stadium
Pune Warriors,Royal Challengers Bangalore,Pune Warriors,bat,normal,0,Royal Challengers Bangalore,0,6,M Chinnaswamy Stadium
Kings XI Punjab,Kolkata Knight Riders,Kings XI Punjab,bat,normal,0,Kolkata Knight Riders,0,8,"Punjab Cricket Association Stadium, Mohali"
Sunrisers Hyderabad,Delhi Capitals,Deccan Chargers,bat,normal,0,Delhi Daredevils,0,9,"Rajiv Gandhi International Stadium, Uppal"
Chennai Super Kings,Pune Warriors,Pune Warriors,field,normal,0,Chennai Super Kings,13,0,"MA Chidambaram Stadium, Chepauk"
Kings XI Punjab,Royal Challengers Bangalore,Royal Challengers Bangalore,field,normal,0,Royal Challengers Bangalore,0,5,"Punjab Cricket Association Stadium, Mohali"
Rajasthan Royals,Chennai Super Kings,Rajasthan Royals,bat,normal,0,Chennai Super Kings,0,7,"MA Chidambaram Stadium, Chepauk"
Pune Warriors,Delhi Capitals,Delhi Daredevils,field,normal,0,Pune Warriors,20,0,Feroz Shah Kotla
Mumbai Indians,Kings XI Punjab,Mumbai Indians,bat,normal,0,Kings XI Punjab,0,6,Wankhede Stadium
Sunrisers Hyderabad,Kolkata Knight Riders,Kolkata Knight Riders,field,normal,0,Kolkata Knight Riders,0,5,Barabati Stadium
Royal Challengers Bangalore,Rajasthan Royals,Rajasthan Royals,field,normal,0,Royal Challengers Bangalore,46,0,Sawai Mansingh Stadium
Pune Warriors,Delhi Capitals,Pune Warriors,bat,normal,0,Delhi Daredevils,0,8,Subrata Roy Sahara Stadium
Kings XI Punjab,Mumbai Indians,Kings XI Punjab,bat,normal,0,Mumbai Indians,0,4,"Punjab Cricket Association Stadium, Mohali"
Sunrisers Hyderabad,Pune Warriors,Deccan Chargers,bat,normal,0,Deccan Chargers,18,0,Subrata Roy Sahara Stadium
Delhi Capitals,Mumbai Indians,Mumbai Indians,field,normal,0,Delhi Daredevils,37,0,Feroz Shah Kotla
Kings XI Punjab,Chennai Super Kings,Kings XI Punjab,bat,normal,0,Kings XI Punjab,7,0,"MA Chidambaram Stadium, Chepauk"
Kolkata Knight Riders,Royal Challengers Bangalore,Kolkata Knight Riders,bat,normal,0,Kolkata Knight Riders,47,0,Eden Gardens
Delhi Capitals,Rajasthan Royals,Delhi Daredevils,bat,normal,0,Delhi Daredevils,1,0,Feroz Shah Kotla
Sunrisers Hyderabad,Mumbai Indians,Mumbai Indians,field,normal,0,Mumbai Indians,0,5,Wankhede Stadium
Chennai Super Kings,Kolkata Knight Riders,Chennai Super Kings,bat,normal,0,Kolkata Knight Riders,0,5,"MA Chidambaram Stadium, Chepauk"
Sunrisers Hyderabad,Pune Warriors,Deccan Chargers,bat,normal,0,Deccan Chargers,13,0,Barabati Stadium
Rajasthan Royals,Delhi Capitals,Rajasthan Royals,bat,normal,0,Delhi Daredevils,0,6,Sawai Mansingh Stadium
Royal Challengers Bangalore,Kings XI Punjab,Kings XI Punjab,field,normal,0,Kings XI Punjab,0,4,M Chinnaswamy Stadium
Mumbai Indians,Pune Warriors,Mumbai Indians,bat,normal,0,Mumbai Indians,1,0,Subrata Roy Sahara Stadium
Chennai Super Kings,Sunrisers Hyderabad,Chennai Super Kings,bat,normal,0,Chennai Super Kings,10,0,"MA Chidambaram Stadium, Chepauk"
Kolkata Knight Riders,Pune Warriors,Kolkata Knight Riders,bat,normal,0,Kolkata Knight Riders,7,0,Eden Gardens
Rajasthan Royals,Kings XI Punjab,Rajasthan Royals,bat,normal,0,Rajasthan Royals,43,0,"Punjab Cricket Association Stadium, Mohali"
Chennai Super Kings,Mumbai Indians,Mumbai Indians,field,normal,0,Mumbai Indians,0,2,Wankhede Stadium
Sunrisers Hyderabad,Royal Challengers Bangalore,Royal Challengers Bangalore,field,normal,0,Royal Challengers Bangalore,0,5,M Chinnaswamy Stadium
Delhi Capitals,Kolkata Knight Riders,Delhi Daredevils,bat,normal,0,Kolkata Knight Riders,0,6,Feroz Shah Kotla
Pune Warriors,Rajasthan Royals,Pune Warriors,bat,normal,0,Rajasthan Royals,0,7,Subrata Roy Sahara Stadium
Kings XI Punjab,Sunrisers Hyderabad,Deccan Chargers,field,normal,0,Kings XI Punjab,25,0,"Rajiv Gandhi International Stadium, Uppal"
Mumbai Indians,Royal Challengers Bangalore,Royal Challengers Bangalore,field,normal,0,Royal Challengers Bangalore,0,9,Wankhede Stadium
Rajasthan Royals,Chennai Super Kings,Chennai Super Kings,field,normal,0,Chennai Super Kings,0,4,Sawai Mansingh Stadium
Royal Challengers Bangalore,Pune Warriors,Pune Warriors,field,normal,0,Royal Challengers Bangalore,35,0,Subrata Roy Sahara Stadium
Mumbai Indians,Kolkata Knight Riders,Mumbai Indians,bat,normal,0,Mumbai Indians,27,0,Eden Gardens
Delhi Capitals,Chennai Super Kings,Chennai Super Kings,field,normal,0,Chennai Super Kings,0,9,"MA Chidambaram Stadium, Chepauk"
Rajasthan Royals,Pune Warriors,Rajasthan Royals,bat,normal,0,Rajasthan Royals,45,0,Sawai Mansingh Stadium
Sunrisers Hyderabad,Kings XI Punjab,Deccan Chargers,bat,normal,0,Kings XI Punjab,0,4,"Punjab Cricket Association Stadium, Mohali"
Royal Challengers Bangalore,Mumbai Indians,Mumbai Indians,field,normal,0,Mumbai Indians,0,5,M Chinnaswamy Stadium
Kolkata Knight Riders,Chennai Super Kings,Chennai Super Kings,field,normal,0,Chennai Super Kings,0,5,Eden Gardens
Kings XI Punjab,Delhi Capitals,Kings XI Punjab,bat,normal,0,Delhi Daredevils,0,5,Feroz Shah Kotla
Kolkata Knight Riders,Mumbai Indians,Mumbai Indians,field,normal,0,Kolkata Knight Riders,32,0,Wankhede Stadium
Chennai Super Kings,Kings XI Punjab,Kings XI Punjab,field,normal,0,Kings XI Punjab,0,6,Himachal Pradesh Cricket Association Stadium
Royal Challengers Bangalore,Delhi Capitals,Delhi Daredevils,field,normal,0,Royal Challengers Bangalore,21,0,Feroz Shah Kotla
Rajasthan Royals,Sunrisers Hyderabad,Rajasthan Royals,bat,normal,0,Deccan Chargers,0,5,"Rajiv Gandhi International Stadium, Uppal"
Kings XI Punjab,Delhi Capitals,Delhi Daredevils,field,normal,0,Delhi Daredevils,0,6,Himachal Pradesh Cricket Association Stadium
Kolkata Knight Riders,Pune Warriors,Kolkata Knight Riders,bat,normal,0,Kolkata Knight Riders,34,0,Subrata Roy Sahara Stadium
Sunrisers Hyderabad,Royal Challengers Bangalore,Royal Challengers Bangalore,field,normal,0,Deccan Chargers,9,0,"Rajiv Gandhi International Stadium, Uppal"
Rajasthan Royals,Mumbai Indians,Rajasthan Royals,bat,normal,0,Mumbai Indians,0,10,Sawai Mansingh Stadium
Kolkata Knight Riders,Delhi Capitals,Kolkata Knight Riders,bat,normal,0,Kolkata Knight Riders,18,0,Subrata Roy Sahara Stadium
Chennai Super Kings,Mumbai Indians,Mumbai Indians,field,normal,0,Chennai Super Kings,38,0,M Chinnaswamy Stadium
Chennai Super Kings,Delhi Capitals,Delhi Daredevils,field,normal,0,Chennai Super Kings,86,0,"MA Chidambaram Stadium, Chepauk"
Chennai Super Kings,Kolkata Knight Riders,Chennai Super Kings,bat,normal,0,Kolkata Knight Riders,0,5,"MA Chidambaram Stadium, Chepauk"
Delhi Capitals,Kolkata Knight Riders,Kolkata Knight Riders,field,normal,0,Kolkata Knight Riders,0,6,Eden Gardens
Royal Challengers Bangalore,Mumbai Indians,Mumbai Indians,field,normal,0,Royal Challengers Bangalore,2,0,M Chinnaswamy Stadium
Sunrisers Hyderabad,Pune Warriors,Pune Warriors,field,normal,0,Sunrisers Hyderabad,22,0,"Rajiv Gandhi International Stadium, Uppal"
Rajasthan Royals,Delhi Capitals,Rajasthan Royals,bat,normal,0,Rajasthan Royals,5,0,Feroz Shah Kotla
Mumbai Indians,Chennai Super Kings,Mumbai Indians,bat,normal,0,Mumbai Indians,9,0,"MA Chidambaram Stadium, Chepauk"
Pune Warriors,Kings XI Punjab,Pune Warriors,bat,normal,0,Kings XI Punjab,0,8,Subrata Roy Sahara Stadium
Royal Challengers Bangalore,Sunrisers Hyderabad,Royal Challengers Bangalore,bat,tie,0,Sunrisers Hyderabad,0,0,"Rajiv Gandhi International Stadium, Uppal"
Rajasthan Royals,Kolkata Knight Riders,Kolkata Knight Riders,field,normal,0,Rajasthan Royals,19,0,Sawai Mansingh Stadium
Mumbai Indians,Delhi Capitals,Mumbai Indians,bat,normal,0,Mumbai Indians,44,0,Wankhede Stadium
Kings XI Punjab,Chennai Super Kings,Chennai Super Kings,field,normal,0,Chennai Super Kings,0,10,"Punjab Cricket Association Stadium, Mohali"
Kolkata Knight Riders,Royal Challengers Bangalore,Royal Challengers Bangalore,field,normal,0,Royal Challengers Bangalore,0,8,M Chinnaswamy Stadium
Rajasthan Royals,Pune Warriors,Rajasthan Royals,bat,normal,0,Pune Warriors,0,7,Subrata Roy Sahara Stadium
Delhi Capitals,Sunrisers Hyderabad,Delhi Daredevils,bat,normal,0,Sunrisers Hyderabad,0,3,Feroz Shah Kotla
Mumbai Indians,Pune Warriors,Mumbai Indians,bat,normal,0,Mumbai Indians,41,0,Wankhede Stadium
Royal Challengers Bangalore,Chennai Super Kings,Chennai Super Kings,field,normal,0,Chennai Super Kings,0,4,"MA Chidambaram Stadium, Chepauk"
Kolkata Knight Riders,Sunrisers Hyderabad,Kolkata Knight Riders,bat,normal,0,Kolkata Knight Riders,48,0,Eden Gardens
Kings XI Punjab,Rajasthan Royals,Rajasthan Royals,field,normal,0,Rajasthan Royals,0,6,Sawai Mansingh Stadium
Pune Warriors,Chennai Super Kings,Pune Warriors,bat,normal,0,Pune Warriors,24,0,"MA Chidambaram Stadium, Chepauk"
Kings XI Punjab,Kolkata Knight Riders,Kolkata Knight Riders,field,normal,0,Kings XI Punjab,4,0,"Punjab Cricket Association Stadium, Mohali"
Delhi Capitals,Royal Challengers Bangalore,Royal Challengers Bangalore,field,tie,0,Royal Challengers Bangalore,0,0,M Chinnaswamy Stadium
Sunrisers Hyderabad,Pune Warriors,Pune Warriors,field,normal,0,Sunrisers Hyderabad,11,0,Subrata Roy Sahara Stadium
Rajasthan Royals,Mumbai Indians,Rajasthan Royals,bat,normal,0,Rajasthan Royals,87,0,Sawai Mansingh Stadium
Chennai Super Kings,Delhi Capitals,Chennai Super Kings,bat,normal,0,Chennai Super Kings,86,0,Feroz Shah Kotla
Kings XI Punjab,Sunrisers Hyderabad,Kings XI Punjab,bat,normal,0,Sunrisers Hyderabad,0,5,"Rajiv Gandhi International Stadium, Uppal"
Kolkata Knight Riders,Chennai Super Kings,Kolkata Knight Riders,bat,normal,0,Chennai Super Kings,0,4,Eden Gardens
Rajasthan Royals,Royal Challengers Bangalore,Royal Challengers Bangalore,field,normal,0,Royal Challengers Bangalore,0,7,M Chinnaswamy Stadium
Mumbai Indians,Delhi Capitals,Mumbai Indians,bat,normal,0,Delhi Daredevils,0,9,Feroz Shah Kotla
Pune Warriors,Kings XI Punjab,Kings XI Punjab,field,normal,0,Kings XI Punjab,0,7,"Punjab Cricket Association Stadium, Mohali"
Rajasthan Royals,Chennai Super Kings,Rajasthan Royals,bat,normal,0,Chennai Super Kings,0,5,"MA Chidambaram Stadium, Chepauk"
Royal Challengers Bangalore,Pune Warriors,Pune Warriors,field,normal,0,Royal Challengers Bangalore,130,0,M Chinnaswamy Stadium
Kings XI Punjab,Delhi Capitals,Delhi Daredevils,field,normal,0,Kings XI Punjab,7,0,Himachal Pradesh Cricket Association Stadium
Kolkata Knight Riders,Mumbai Indians,Kolkata Knight Riders,bat,normal,0,Mumbai Indians,0,5,Eden Gardens
Sunrisers Hyderabad,Chennai Super Kings,Sunrisers Hyderabad,bat,normal,0,Chennai Super Kings,0,5,"MA Chidambaram Stadium, Chepauk"
Kings XI Punjab,Kolkata Knight Riders,Kings XI Punjab,bat,normal,0,Kolkata Knight Riders,0,6,Eden Gardens
Sunrisers Hyderabad,Rajasthan Royals,Sunrisers Hyderabad,bat,normal,0,Rajasthan Royals,0,8,Sawai Mansingh Stadium
Mumbai Indians,Royal Challengers Bangalore,Mumbai Indians,bat,normal,0,Mumbai Indians,58,0,Wankhede Stadium
Chennai Super Kings,Kolkata Knight Riders,Kolkata Knight Riders,field,normal,0,Chennai Super Kings,14,0,"MA Chidambaram Stadium, Chepauk"
Delhi Capitals,Pune Warriors,Pune Warriors,field,normal,0,Delhi Daredevils,15,0,Shaheed Veer Narayan Singh International Stadium
Royal Challengers Bangalore,Rajasthan Royals,Rajasthan Royals,field,normal,0,Rajasthan Royals,0,4,Sawai Mansingh Stadium
Mumbai Indians,Kings XI Punjab,Mumbai Indians,bat,normal,0,Mumbai Indians,4,0,Wankhede Stadium
Chennai Super Kings,Pune Warriors,Chennai Super Kings,bat,normal,0,Chennai Super Kings,37,0,Subrata Roy Sahara Stadium
Mumbai Indians,Sunrisers Hyderabad,Mumbai Indians,bat,normal,0,Sunrisers Hyderabad,0,7,"Rajiv Gandhi International Stadium, Uppal"
Kolkata Knight Riders,Delhi Capitals,Kolkata Knight Riders,bat,normal,0,Delhi Daredevils,0,7,Shaheed Veer Narayan Singh International Stadium
Chennai Super Kings,Kings XI Punjab,Chennai Super Kings,bat,normal,0,Chennai Super Kings,15,0,"MA Chidambaram Stadium, Chepauk"
Royal Challengers Bangalore,Pune Warriors,Royal Challengers Bangalore,bat,normal,0,Royal Challengers Bangalore,17,0,Subrata Roy Sahara Stadium
Rajasthan Royals,Kolkata Knight Riders,Rajasthan Royals,bat,normal,0,Kolkata Knight Riders,0,8,Eden Gardens
Delhi Capitals,Sunrisers Hyderabad,Delhi Daredevils,bat,normal,0,Sunrisers Hyderabad,0,6,"Rajiv Gandhi International Stadium, Uppal"
Royal Challengers Bangalore,Kings XI Punjab,Kings XI Punjab,field,normal,0,Kings XI Punjab,0,7,M Chinnaswamy Stadium
Mumbai Indians,Chennai Super Kings,Mumbai Indians,bat,normal,0,Mumbai Indians,60,0,Wankhede Stadium
Pune Warriors,Rajasthan Royals,Pune Warriors,bat,normal,0,Rajasthan Royals,0,5,Sawai Mansingh Stadium
Sunrisers Hyderabad,Royal Challengers Bangalore,Sunrisers Hyderabad,bat,normal,0,Royal Challengers Bangalore,0,7,M Chinnaswamy Stadium
Delhi Capitals,Rajasthan Royals,Delhi Daredevils,bat,normal,0,Rajasthan Royals,0,9,Sawai Mansingh Stadium
Mumbai Indians,Kolkata Knight Riders,Mumbai Indians,bat,normal,0,Mumbai Indians,65,0,Wankhede Stadium
Chennai Super Kings,Sunrisers Hyderabad,Sunrisers Hyderabad,field,normal,0,Chennai Super Kings,77,0,"Rajiv Gandhi International Stadium, Uppal"
Kings XI Punjab,Rajasthan Royals,Rajasthan Royals,field,normal,0,Rajasthan Royals,0,8,"Punjab Cricket Association Stadium, Mohali"
Kolkata Knight Riders,Pune Warriors,Kolkata Knight Riders,bat,normal,0,Kolkata Knight Riders,46,0,Subrata Roy Sahara Stadium
Royal Challengers Bangalore,Delhi Capitals,Delhi Daredevils,field,normal,0,Royal Challengers Bangalore,4,0,Feroz Shah Kotla
Pune Warriors,Mumbai Indians,Pune Warriors,bat,normal,0,Mumbai Indians,0,5,Subrata Roy Sahara Stadium
Sunrisers Hyderabad,Kings XI Punjab,Kings XI Punjab,field,normal,0,Sunrisers Hyderabad,30,0,"Punjab Cricket Association Stadium, Mohali"
Royal Challengers Bangalore,Kolkata Knight Riders,Kolkata Knight Riders,field,normal,0,Kolkata Knight Riders,0,5,JSCA International Stadium Complex
Chennai Super Kings,Rajasthan Royals,Rajasthan Royals,field,normal,0,Rajasthan Royals,0,5,Sawai Mansingh Stadium
Delhi Capitals,Kings XI Punjab,Kings XI Punjab,field,normal,0,Kings XI Punjab,0,5,Feroz Shah Kotla
Sunrisers Hyderabad,Mumbai Indians,Sunrisers Hyderabad,bat,normal,0,Mumbai Indians,0,7,Wankhede Stadium
Pune Warriors,Kolkata Knight Riders,Kolkata Knight Riders,field,normal,0,Pune Warriors,7,0,JSCA International Stadium Complex
Chennai Super Kings,Delhi Capitals,Chennai Super Kings,bat,normal,0,Chennai Super Kings,33,0,"MA Chidambaram Stadium, Chepauk"
Mumbai Indians,Rajasthan Royals,Rajasthan Royals,field,normal,0,Mumbai Indians,14,0,Wankhede Stadium
Royal Challengers Bangalore,Kings XI Punjab,Kings XI Punjab,field,normal,0,Kings XI Punjab,0,6,"Punjab Cricket Association Stadium, Mohali"
Sunrisers Hyderabad,Rajasthan Royals,Sunrisers Hyderabad,bat,normal,0,Sunrisers Hyderabad,23,0,"Rajiv Gandhi International Stadium, Uppal"
Kings XI Punjab,Mumbai Indians,Mumbai Indians,field,normal,0,Kings XI Punjab,50,0,Himachal Pradesh Cricket Association Stadium
Pune Warriors,Delhi Capitals,Pune Warriors,bat,normal,0,Pune Warriors,38,0,Subrata Roy Sahara Stadium
Royal Challengers Bangalore,Chennai Super Kings,Chennai Super Kings,field,normal,0,Royal Challengers Bangalore,24,0,M Chinnaswamy Stadium
Kolkata Knight Riders,Sunrisers Hyderabad,Kolkata Knight Riders,bat,normal,0,Sunrisers Hyderabad,0,5,"Rajiv Gandhi International Stadium, Uppal"
Chennai Super Kings,Mumbai Indians,Chennai Super Kings,bat,normal,0,Chennai Super Kings,48,0,Feroz Shah Kotla
Sunrisers Hyderabad,Rajasthan Royals,Sunrisers Hyderabad,bat,normal,0,Rajasthan Royals,0,4,Feroz Shah Kotla
Rajasthan Royals,Mumbai Indians,Rajasthan Royals,bat,normal,0,Mumbai Indians,0,4,Eden Gardens
Mumbai Indians,Chennai Super Kings,Mumbai Indians,bat,normal,0,Mumbai Indians,23,0,Eden Gardens
Kolkata Knight Riders,Mumbai Indians,Kolkata Knight Riders,bat,normal,0,Kolkata Knight Riders,41,0,Sheikh Zayed Stadium
Delhi Capitals,Royal Challengers Bangalore,Royal Challengers Bangalore,field,normal,0,Royal Challengers Bangalore,0,8,Sharjah Cricket Stadium
Chennai Super Kings,Kings XI Punjab,Chennai Super Kings,bat,normal,0,Kings XI Punjab,0,6,Sheikh Zayed Stadium
Sunrisers Hyderabad,Rajasthan Royals,Rajasthan Royals,field,normal,0,Rajasthan Royals,0,4,Sheikh Zayed Stadium
Mumbai Indians,Royal Challengers Bangalore,Royal Challengers Bangalore,field,normal,0,Royal Challengers Bangalore,0,7,Dubai International Cricket Stadium
Kolkata Knight Riders,Delhi Capitals,Kolkata Knight Riders,bat,normal,0,Delhi Daredevils,0,4,Dubai International Cricket Stadium
Rajasthan Royals,Kings XI Punjab,Kings XI Punjab,field,normal,0,Kings XI Punjab,0,7,Sharjah Cricket Stadium
Chennai Super Kings,Delhi Capitals,Chennai Super Kings,bat,normal,0,Chennai Super Kings,93,0,Sheikh Zayed Stadium
Kings XI Punjab,Sunrisers Hyderabad,Sunrisers Hyderabad,field,normal,0,Kings XI Punjab,72,0,Sharjah Cricket Stadium
Chennai Super Kings,Rajasthan Royals,Rajasthan Royals,field,normal,0,Chennai Super Kings,7,0,Dubai International Cricket Stadium
Kolkata Knight Riders,Royal Challengers Bangalore,Royal Challengers Bangalore,field,normal,0,Kolkata Knight Riders,2,0,Sharjah Cricket Stadium
Sunrisers Hyderabad,Delhi Capitals,Sunrisers Hyderabad,bat,normal,0,Sunrisers Hyderabad,4,0,Dubai International Cricket Stadium
Mumbai Indians,Chennai Super Kings,Mumbai Indians,bat,normal,0,Chennai Super Kings,0,7,Dubai International Cricket Stadium
Royal Challengers Bangalore,Rajasthan Royals,Rajasthan Royals,field,normal,0,Rajasthan Royals,0,6,Sheikh Zayed Stadium
Kings XI Punjab,Kolkata Knight Riders,Kolkata Knight Riders,field,normal,0,Kings XI Punjab,23,0,Sheikh Zayed Stadium
Mumbai Indians,Delhi Capitals,Mumbai Indians,bat,normal,0,Delhi Daredevils,0,6,Sharjah Cricket Stadium
Sunrisers Hyderabad,Chennai Super Kings,Sunrisers Hyderabad,bat,normal,0,Chennai Super Kings,0,5,Sharjah Cricket Stadium
Royal Challengers Bangalore,Kings XI Punjab,Kings XI Punjab,field,normal,0,Kings XI Punjab,0,5,Dubai International Cricket Stadium
Rajasthan Royals,Kolkata Knight Riders,Rajasthan Royals,bat,tie,0,Rajasthan Royals,0,0,Sheikh Zayed Stadium
Sunrisers Hyderabad,Mumbai Indians,Mumbai Indians,field,normal,0,Sunrisers Hyderabad,15,0,Dubai International Cricket Stadium
Chennai Super Kings,Kolkata Knight Riders,Chennai Super Kings,bat,normal,0,Chennai Super Kings,34,0,JSCA International Stadium Complex
Kings XI Punjab,Mumbai Indians,Kings XI Punjab,bat,normal,0,Mumbai Indians,0,5,Wankhede Stadium
Delhi Capitals,Rajasthan Royals,Rajasthan Royals,field,normal,0,Rajasthan Royals,0,7,Feroz Shah Kotla
Sunrisers Hyderabad,Royal Challengers Bangalore,Royal Challengers Bangalore,field,normal,0,Royal Challengers Bangalore,0,4,M Chinnaswamy Stadium
Rajasthan Royals,Kolkata Knight Riders,Kolkata Knight Riders,field,normal,0,Rajasthan Royals,10,0,"Sardar Patel Stadium, Motera"
Delhi Capitals,Chennai Super Kings,Chennai Super Kings,field,normal,0,Chennai Super Kings,0,8,Feroz Shah Kotla
Mumbai Indians,Royal Challengers Bangalore,Royal Challengers Bangalore,field,normal,0,Mumbai Indians,19,0,Wankhede Stadium
Delhi Capitals,Kolkata Knight Riders,Delhi Daredevils,bat,normal,0,Kolkata Knight Riders,0,8,Feroz Shah Kotla
Kings XI Punjab,Chennai Super Kings,Chennai Super Kings,field,normal,0,Kings XI Punjab,44,0,Barabati Stadium
Sunrisers Hyderabad,Rajasthan Royals,Rajasthan Royals,field,normal,0,Sunrisers Hyderabad,32,0,"Sardar Patel Stadium, Motera"
Kings XI Punjab,Royal Challengers Bangalore,Royal Challengers Bangalore,field,normal,0,Kings XI Punjab,32,0,M Chinnaswamy Stadium
Delhi Capitals,Sunrisers Hyderabad,Sunrisers Hyderabad,field,normal,1,Sunrisers Hyderabad,0,8,Feroz Shah Kotla
Mumbai Indians,Chennai Super Kings,Chennai Super Kings,field,normal,0,Chennai Super Kings,0,4,Wankhede Stadium
Kings XI Punjab,Kolkata Knight Riders,Kolkata Knight Riders,field,normal,0,Kolkata Knight Riders,0,9,Barabati Stadium
Royal Challengers Bangalore,Rajasthan Royals,Royal Challengers Bangalore,bat,normal,0,Rajasthan Royals,0,5,M Chinnaswamy Stadium
Sunrisers Hyderabad,Mumbai Indians,Sunrisers Hyderabad,bat,normal,0,Mumbai Indians,0,7,"Rajiv Gandhi International Stadium, Uppal"
Rajasthan Royals,Chennai Super Kings,Rajasthan Royals,bat,normal,0,Chennai Super Kings,0,5,JSCA International Stadium Complex
Royal Challengers Bangalore,Delhi Capitals,Delhi Daredevils,field,normal,0,Royal Challengers Bangalore,16,0,M Chinnaswamy Stadium
Sunrisers Hyderabad,Kings XI Punjab,Kings XI Punjab,field,normal,0,Kings XI Punjab,0,6,"Rajiv Gandhi International Stadium, Uppal"
Mumbai Indians,Kolkata Knight Riders,Kolkata Knight Riders,field,normal,0,Kolkata Knight Riders,0,6,Barabati Stadium
Rajasthan Royals,Delhi Capitals,Delhi Daredevils,field,normal,0,Rajasthan Royals,62,0,"Sardar Patel Stadium, Motera"
Chennai Super Kings,Royal Challengers Bangalore,Chennai Super Kings,bat,normal,0,Royal Challengers Bangalore,0,5,JSCA International Stadium Complex
Sunrisers Hyderabad,Kolkata Knight Riders,Sunrisers Hyderabad,bat,normal,0,Kolkata Knight Riders,0,7,"Rajiv Gandhi International Stadium, Uppal"
Mumbai Indians,Rajasthan Royals,Mumbai Indians,bat,normal,0,Mumbai Indians,25,0,"Sardar Patel Stadium, Motera"
Delhi Capitals,Kings XI Punjab,Kings XI Punjab,field,normal,0,Kings XI Punjab,0,4,Feroz Shah Kotla
Royal Challengers Bangalore,Sunrisers Hyderabad,Royal Challengers Bangalore,bat,normal,0,Sunrisers Hyderabad,0,7,"Rajiv Gandhi International Stadium, Uppal"
Chennai Super Kings,Kolkata Knight Riders,Kolkata Knight Riders,field,normal,0,Kolkata Knight Riders,0,8,Eden Gardens
Kings XI Punjab,Mumbai Indians,Mumbai Indians,field,normal,0,Mumbai Indians,0,7,"Punjab Cricket Association Stadium, Mohali"
Kolkata Knight Riders,Royal Challengers Bangalore,Royal Challengers Bangalore,field,normal,0,Kolkata Knight Riders,30,0,Eden Gardens
Chennai Super Kings,Sunrisers Hyderabad,Sunrisers Hyderabad,field,normal,0,Sunrisers Hyderabad,0,6,JSCA International Stadium Complex
Mumbai Indians,Delhi Capitals,Delhi Daredevils,field,normal,0,Mumbai Indians,15,0,Wankhede Stadium
Kings XI Punjab,Rajasthan Royals,Rajasthan Royals,field,normal,0,Kings XI Punjab,16,0,"Punjab Cricket Association Stadium, Mohali"
Royal Challengers Bangalore,Chennai Super Kings,Chennai Super Kings,field,normal,0,Chennai Super Kings,0,8,M Chinnaswamy Stadium
Sunrisers Hyderabad,Kolkata Knight Riders,Kolkata Knight Riders,field,normal,0,Kolkata Knight Riders,0,4,Eden Gardens
Delhi Capitals,Kings XI Punjab,Kings XI Punjab,field,normal,0,Kings XI Punjab,0,7,"Punjab Cricket Association Stadium, Mohali"
Rajasthan Royals,Mumbai Indians,Mumbai Indians,field,normal,0,Mumbai Indians,0,5,Wankhede Stadium
Kolkata Knight Riders,Kings XI Punjab,Kings XI Punjab,field,normal,0,Kolkata Knight Riders,28,0,Eden Gardens
Mumbai Indians,Chennai Super Kings,Chennai Super Kings,field,normal,0,Chennai Super Kings,0,7,Brabourne Stadium
Kings XI Punjab,Chennai Super Kings,Chennai Super Kings,field,normal,0,Kings XI Punjab,24,0,Wankhede Stadium
Kings XI Punjab,Kolkata Knight Riders,Kolkata Knight Riders,field,normal,0,Kolkata Knight Riders,0,3,M Chinnaswamy Stadium
Mumbai Indians,Kolkata Knight Riders,Kolkata Knight Riders,field,normal,0,Kolkata Knight Riders,0,7,Eden Gardens
Chennai Super Kings,Delhi Capitals,Delhi Daredevils,field,normal,0,Chennai Super Kings,1,0,"MA Chidambaram Stadium, Chepauk"
Rajasthan Royals,Kings XI Punjab,Kings XI Punjab,field,normal,0,Rajasthan Royals,26,0,Maharashtra Cricket Association Stadium
Chennai Super Kings,Sunrisers Hyderabad,Chennai Super Kings,bat,normal,0,Chennai Super Kings,45,0,"MA Chidambaram Stadium, Chepauk"
Kolkata Knight Riders,Royal Challengers Bangalore,Royal Challengers Bangalore,field,normal,0,Royal Challengers Bangalore,0,3,Eden Gardens
Delhi Capitals,Rajasthan Royals,Rajasthan Royals,field,normal,0,Rajasthan Royals,0,3,Feroz Shah Kotla
Kings XI Punjab,Mumbai Indians,Mumbai Indians,field,normal,0,Kings XI Punjab,18,0,Wankhede Stadium
Royal Challengers Bangalore,Sunrisers Hyderabad,Sunrisers Hyderabad,field,normal,0,Sunrisers Hyderabad,0,8,M Chinnaswamy Stadium
Mumbai Indians,Rajasthan Royals,Mumbai Indians,bat,normal,0,Rajasthan Royals,0,7,"Sardar Patel Stadium, Motera"
Chennai Super Kings,Kolkata Knight Riders,Kolkata Knight Riders,field,normal,0,Kolkata Knight Riders,0,7,Eden Gardens
Kings XI Punjab,Delhi Capitals,Kings XI Punjab,bat,normal,0,Delhi Daredevils,0,5,Maharashtra Cricket Association Stadium
Sunrisers Hyderabad,Rajasthan Royals,Rajasthan Royals,field,normal,0,Rajasthan Royals,0,6,Dr. Y.S. Rajasekhara Reddy ACA-VDCA Cricket Stadium
Mumbai Indians,Chennai Super Kings,Mumbai Indians,bat,normal,0,Chennai Super Kings,0,6,Wankhede Stadium
Delhi Capitals,Sunrisers Hyderabad,Delhi Daredevils,bat,normal,0,Delhi Daredevils,4,0,Dr. Y.S. Rajasekhara Reddy ACA-VDCA Cricket Stadium
Kings XI Punjab,Kolkata Knight Riders,Kolkata Knight Riders,field,normal,0,Kolkata Knight Riders,0,4,Maharashtra Cricket Association Stadium
Chennai Super Kings,Rajasthan Royals,Chennai Super Kings,bat,normal,0,Rajasthan Royals,0,8,"Sardar Patel Stadium, Motera"
Mumbai Indians,Royal Challengers Bangalore,Royal Challengers Bangalore,field,normal,0,Mumbai Indians,18,0,M Chinnaswamy Stadium
Delhi Capitals,Kolkata Knight Riders,Kolkata Knight Riders,field,normal,0,Kolkata Knight Riders,0,6,Feroz Shah Kotla
Rajasthan Royals,Kings XI Punjab,Kings XI Punjab,field,tie,0,Kings XI Punjab,0,0,"Sardar Patel Stadium, Motera"
Sunrisers Hyderabad,Kolkata Knight Riders,Kolkata Knight Riders,field,normal,1,Sunrisers Hyderabad,16,0,Dr. Y.S. Rajasekhara Reddy ACA-VDCA Cricket Stadium
Chennai Super Kings,Royal Challengers Bangalore,Royal Challengers Bangalore,field,normal,0,Chennai Super Kings,27,0,M Chinnaswamy Stadium
Delhi Capitals,Mumbai Indians,Mumbai Indians,field,normal,0,Delhi Daredevils,37,0,Feroz Shah Kotla
Rajasthan Royals,Royal Challengers Bangalore,Royal Challengers Bangalore,field,normal,0,Royal Challengers Bangalore,0,9,"Sardar Patel Stadium, Motera"
Mumbai Indians,Sunrisers Hyderabad,Mumbai Indians,bat,normal,0,Mumbai Indians,20,0,Wankhede Stadium
Chennai Super Kings,Kings XI Punjab,Chennai Super Kings,bat,normal,0,Chennai Super Kings,97,0,"MA Chidambaram Stadium, Chepauk"
Delhi Capitals,Royal Challengers Bangalore,Royal Challengers Bangalore,field,normal,0,Royal Challengers Bangalore,0,10,Feroz Shah Kotla
Sunrisers Hyderabad,Kings XI Punjab,Kings XI Punjab,field,normal,0,Sunrisers Hyderabad,20,0,"Punjab Cricket Association Stadium, Mohali"
Kolkata Knight Riders,Delhi Capitals,Kolkata Knight Riders,bat,normal,0,Kolkata Knight Riders,13,0,Eden Gardens
Royal Challengers Bangalore,Rajasthan Royals,Rajasthan Royals,field,no result,0,,0,0,M Chinnaswamy Stadium
Chennai Super Kings,Kolkata Knight Riders,Kolkata Knight Riders,field,normal,0,Chennai Super Kings,2,0,"MA Chidambaram Stadium, Chepauk"
Kings XI Punjab,Delhi Capitals,Delhi Daredevils,field,normal,0,Delhi Daredevils,0,9,Feroz Shah Kotla
Mumbai Indians,Rajasthan Royals,Rajasthan Royals,field,normal,0,Mumbai Indians,8,0,Wankhede Stadium
Kolkata Knight Riders,Royal Challengers Bangalore,Royal Challengers Bangalore,field,normal,0,Royal Challengers Bangalore,0,7,M Chinnaswamy Stadium
Sunrisers Hyderabad,Chennai Super Kings,Chennai Super Kings,field,normal,0,Sunrisers Hyderabad,22,0,"Rajiv Gandhi International Stadium, Uppal"
Mumbai Indians,Kings XI Punjab,Mumbai Indians,bat,normal,0,Mumbai Indians,23,0,"Punjab Cricket Association Stadium, Mohali"
Rajasthan Royals,Delhi Capitals,Delhi Daredevils,field,normal,0,Rajasthan Royals,14,0,Brabourne Stadium
Chennai Super Kings,Royal Challengers Bangalore,Chennai Super Kings,bat,normal,0,Chennai Super Kings,24,0,"MA Chidambaram Stadium, Chepauk"
Kolkata Knight Riders,Sunrisers Hyderabad,Sunrisers Hyderabad,field,normal,0,Kolkata Knight Riders,35,0,Eden Gardens
Delhi Capitals,Mumbai Indians,Delhi Daredevils,bat,normal,0,Mumbai Indians,0,5,Wankhede Stadium
Royal Challengers Bangalore,Kings XI Punjab,Kings XI Punjab,field,normal,0,Royal Challengers Bangalore,138,0,M Chinnaswamy Stadium
Sunrisers Hyderabad,Rajasthan Royals,Rajasthan Royals,field,normal,0,Sunrisers Hyderabad,7,0,Brabourne Stadium
Chennai Super Kings,Mumbai Indians,Chennai Super Kings,bat,normal,0,Mumbai Indians,0,6,"MA Chidambaram Stadium, Chepauk"
Kings XI Punjab,Kolkata Knight Riders,Kings XI Punjab,bat,normal,0,Kolkata Knight Riders,0,1,Eden Gardens
Sunrisers Hyderabad,Delhi Capitals,Sunrisers Hyderabad,bat,normal,0,Sunrisers Hyderabad,6,0,Shaheed Veer Narayan Singh International Stadium
Royal Challengers Bangalore,Mumbai Indians,Royal Challengers Bangalore,bat,normal,0,Royal Challengers Bangalore,39,0,Wankhede Stadium
Chennai Super Kings,Rajasthan Royals,Chennai Super Kings,bat,normal,0,Chennai Super Kings,12,0,"MA Chidambaram Stadium, Chepauk"
Sunrisers Hyderabad,Kings XI Punjab,Sunrisers Hyderabad,bat,normal,0,Sunrisers Hyderabad,5,0,"Rajiv Gandhi International Stadium, Uppal"
Chennai Super Kings,Delhi Capitals,Chennai Super Kings,bat,normal,0,Delhi Daredevils,0,6,Shaheed Veer Narayan Singh International Stadium
Kings XI Punjab,Royal Challengers Bangalore,Royal Challengers Bangalore,field,normal,0,Kings XI Punjab,22,0,"Punjab Cricket Association Stadium, Mohali"
Mumbai Indians,Kolkata Knight Riders,Kolkata Knight Riders,field,normal,0,Mumbai Indians,5,0,Wankhede Stadium
Sunrisers Hyderabad,Royal Challengers Bangalore,Sunrisers Hyderabad,bat,normal,1,Royal Challengers Bangalore,0,6,"Rajiv Gandhi International Stadium, Uppal"
Kings XI Punjab,Chennai Super Kings,Kings XI Punjab,bat,normal,0,Chennai Super Kings,0,7,"Punjab Cricket Association Stadium, Mohali"
Rajasthan Royals,Kolkata Knight Riders,Rajasthan Royals,bat,normal,0,Rajasthan Royals,9,0,Brabourne Stadium
Delhi Capitals,Royal Challengers Bangalore,Royal Challengers Bangalore,field,no result,0,,0,0,M Chinnaswamy Stadium
Sunrisers Hyderabad,Mumbai Indians,Sunrisers Hyderabad,bat,normal,0,Mumbai Indians,0,9,"Rajiv Gandhi International Stadium, Uppal"
Mumbai Indians,Chennai Super Kings,Mumbai Indians,bat,normal,0,Mumbai Indians,25,0,Wankhede Stadium
Royal Challengers Bangalore,Rajasthan Royals,Royal Challengers Bangalore,bat,normal,0,Royal Challengers Bangalore,71,0,Maharashtra Cricket Association Stadium
Royal Challengers Bangalore,Chennai Super Kings,Chennai Super Kings,field,normal,0,Chennai Super Kings,0,3,JSCA International Stadium Complex
Mumbai Indians,Chennai Super Kings,Chennai Super Kings,field,normal,0,Mumbai Indians,41,0,Eden Gardens
Mumbai Indians,Rising Pune Supergiants,Mumbai Indians,bat,normal,0,Rising Pune Supergiants,0,9,Wankhede Stadium
Delhi Capitals,Kolkata Knight Riders,Kolkata Knight Riders,field,normal,0,Kolkata Knight Riders,0,9,Eden Gardens
Kings XI Punjab,Gujarat Lions,Gujarat Lions,field,normal,0,Gujarat Lions,0,5,"Punjab Cricket Association IS Bindra Stadium, Mohali"
Royal Challengers Bangalore,Sunrisers Hyderabad,Sunrisers Hyderabad,field,normal,0,Royal Challengers Bangalore,45,0,M Chinnaswamy Stadium
Kolkata Knight Riders,Mumbai Indians,Mumbai Indians,field,normal,0,Mumbai Indians,0,6,Eden Gardens
Rising Pune Supergiants,Gujarat Lions,Rising Pune Supergiants,bat,normal,0,Gujarat Lions,0,7,Saurashtra Cricket Association Stadium
Kings XI Punjab,Delhi Capitals,Delhi Daredevils,field,normal,0,Delhi Daredevils,0,8,Feroz Shah Kotla
Sunrisers Hyderabad,Kolkata Knight Riders,Sunrisers Hyderabad,bat,normal,0,Kolkata Knight Riders,0,8,"Rajiv Gandhi International Stadium, Uppal"
Mumbai Indians,Gujarat Lions,Gujarat Lions,field,normal,0,Gujarat Lions,0,3,Wankhede Stadium
Rising Pune Supergiants,Kings XI Punjab,Rising Pune Supergiants,bat,normal,0,Kings XI Punjab,0,6,"Punjab Cricket Association IS Bindra Stadium, Mohali"
Royal Challengers Bangalore,Delhi Capitals,Delhi Daredevils,field,normal,0,Delhi Daredevils,0,7,M Chinnaswamy Stadium
Mumbai Indians,Sunrisers Hyderabad,Sunrisers Hyderabad,field,normal,0,Sunrisers Hyderabad,0,7,"Rajiv Gandhi International Stadium, Uppal"
Kings XI Punjab,Kolkata Knight Riders,Kolkata Knight Riders,field,normal,0,Kolkata Knight Riders,0,6,"Punjab Cricket Association IS Bindra Stadium, Mohali"
Royal Challengers Bangalore,Mumbai Indians,Mumbai Indians,field,normal,0,Mumbai Indians,0,6,Wankhede Stadium
Gujarat Lions,Sunrisers Hyderabad,Sunrisers Hyderabad,field,normal,0,Sunrisers Hyderabad,0,10,Saurashtra Cricket Association Stadium
Royal Challengers Bangalore,Rising Pune Supergiants,Rising Pune Supergiants,field,normal,0,Royal Challengers Bangalore,13,0,Maharashtra Cricket Association Stadium
Delhi Capitals,Mumbai Indians,Mumbai Indians,field,normal,0,Delhi Daredevils,10,0,Feroz Shah Kotla
Kings XI Punjab,Sunrisers Hyderabad,Sunrisers Hyderabad,field,normal,0,Sunrisers Hyderabad,0,5,"Rajiv Gandhi International Stadium, Uppal"
Royal Challengers Bangalore,Gujarat Lions,Royal Challengers Bangalore,bat,normal,0,Gujarat Lions,0,6,Saurashtra Cricket Association Stadium
Rising Pune Supergiants,Kolkata Knight Riders,Kolkata Knight Riders,field,normal,0,Kolkata Knight Riders,0,2,Maharashtra Cricket Association Stadium
Mumbai Indians,Kings XI Punjab,Kings XI Punjab,field,normal,0,Mumbai Indians,25,0,"Punjab Cricket Association IS Bindra Stadium, Mohali"
Sunrisers Hyderabad,Rising Pune Supergiants,Rising Pune Supergiants,field,normal,1,Rising Pune Supergiants,34,0,"Rajiv Gandhi International Stadium, Uppal"
Gujarat Lions,Delhi Capitals,Delhi Daredevils,field,normal,0,Gujarat Lions,1,0,Feroz Shah Kotla
Kolkata Knight Riders,Mumbai Indians,Mumbai Indians,field,normal,0,Mumbai Indians,0,6,Wankhede Stadium
Rising Pune Supergiants,Gujarat Lions,Gujarat Lions,field,normal,0,Gujarat Lions,0,3,Maharashtra Cricket Association Stadium
Delhi Capitals,Kolkata Knight Riders,Kolkata Knight Riders,field,normal,0,Delhi Daredevils,27,0,Feroz Shah Kotla
Sunrisers Hyderabad,Royal Challengers Bangalore,Royal Challengers Bangalore,field,normal,0,Sunrisers Hyderabad,15,0,"Rajiv Gandhi International Stadium, Uppal"
Kings XI Punjab,Gujarat Lions,Gujarat Lions,field,normal,0,Kings XI Punjab,23,0,Saurashtra Cricket Association Stadium
Rising Pune Supergiants,Mumbai Indians,Mumbai Indians,field,normal,0,Mumbai Indians,0,8,Maharashtra Cricket Association Stadium
Royal Challengers Bangalore,Kolkata Knight Riders,Kolkata Knight Riders,field,normal,0,Kolkata Knight Riders,0,5,M Chinnaswamy Stadium
Gujarat Lions,Delhi Capitals,Delhi Daredevils,field,normal,0,Delhi Daredevils,0,8,Saurashtra Cricket Association Stadium
Kolkata Knight Riders,Kings XI Punjab,Kings XI Punjab,field,normal,0,Kolkata Knight Riders,7,0,Eden Gardens
Delhi Capitals,Rising Pune Supergiants,Rising Pune Supergiants,field,normal,0,Rising Pune Supergiants,0,7,Feroz Shah Kotla
Gujarat Lions,Sunrisers Hyderabad,Sunrisers Hyderabad,field,normal,0,Sunrisers Hyderabad,0,5,"Rajiv Gandhi International Stadium, Uppal"
Rising Pune Supergiants,Royal Challengers Bangalore,Royal Challengers Bangalore,field,normal,0,Royal Challengers Bangalore,0,7,M Chinnaswamy Stadium
Kings XI Punjab,Delhi Capitals,Delhi Daredevils,field,normal,0,Kings XI Punjab,9,0,"Punjab Cricket Association IS Bindra Stadium, Mohali"
Sunrisers Hyderabad,Mumbai Indians,Mumbai Indians,field,normal,0,Sunrisers Hyderabad,85,0,Dr. Y.S. Rajasekhara Reddy ACA-VDCA Cricket Stadium
Kolkata Knight Riders,Gujarat Lions,Gujarat Lions,field,normal,0,Gujarat Lions,0,5,Eden Gardens
Royal Challengers Bangalore,Kings XI Punjab,Kings XI Punjab,field,normal,0,Royal Challengers Bangalore,1,0,"Punjab Cricket Association IS Bindra Stadium, Mohali"
Sunrisers Hyderabad,Rising Pune Supergiants,Sunrisers Hyderabad,bat,normal,0,Sunrisers Hyderabad,4,0,Dr. Y.S. Rajasekhara Reddy ACA-VDCA Cricket Stadium
Royal Challengers Bangalore,Mumbai Indians,Mumbai Indians,field,normal,0,Mumbai Indians,0,6,M Chinnaswamy Stadium
Sunrisers Hyderabad,Delhi Capitals,Delhi Daredevils,field,normal,0,Delhi Daredevils,0,7,"Rajiv Gandhi International Stadium, Uppal"
Mumbai Indians,Kings XI Punjab,Mumbai Indians,bat,normal,0,Kings XI Punjab,0,7,Dr. Y.S. Rajasekhara Reddy ACA-VDCA Cricket Stadium
Royal Challengers Bangalore,Gujarat Lions,Gujarat Lions,field,normal,0,Royal Challengers Bangalore,144,0,M Chinnaswamy Stadium
Rising Pune Supergiants,Kolkata Knight Riders,Rising Pune Supergiants,bat,normal,1,Kolkata Knight Riders,0,8,Eden Gardens
Kings XI Punjab,Sunrisers Hyderabad,Kings XI Punjab,bat,normal,0,Sunrisers Hyderabad,0,7,"Punjab Cricket Association IS Bindra Stadium, Mohali"
Mumbai Indians,Delhi Capitals,Delhi Daredevils,field,normal,0,Mumbai Indians,80,0,Dr. Y.S. Rajasekhara Reddy ACA-VDCA Cricket Stadium
Kolkata Knight Riders,Royal Challengers Bangalore,Royal Challengers Bangalore,field,normal,0,Royal Challengers Bangalore,0,9,Eden Gardens
Delhi Capitals,Rising Pune Supergiants,Rising Pune Supergiants,field,normal,1,Rising Pune Supergiants,19,0,Dr. Y.S. Rajasekhara Reddy ACA-VDCA Cricket Stadium
Royal Challengers Bangalore,Kings XI Punjab,Kings XI Punjab,field,normal,1,Royal Challengers Bangalore,82,0,M Chinnaswamy Stadium
Kolkata Knight Riders,Gujarat Lions,Gujarat Lions,field,normal,0,Gujarat Lions,0,6,Green Park
Sunrisers Hyderabad,Delhi Capitals,Delhi Daredevils,field,normal,0,Delhi Daredevils,0,6,Shaheed Veer Narayan Singh International Stadium
Kings XI Punjab,Rising Pune Supergiants,Kings XI Punjab,bat,normal,0,Rising Pune Supergiants,0,4,Dr. Y.S. Rajasekhara Reddy ACA-VDCA Cricket Stadium
Mumbai Indians,Gujarat Lions,Gujarat Lions,field,normal,0,Gujarat Lions,0,6,Green Park
Kolkata Knight Riders,Sunrisers Hyderabad,Sunrisers Hyderabad,field,normal,0,Kolkata Knight Riders,22,0,Eden Gardens
Delhi Capitals,Royal Challengers Bangalore,Royal Challengers Bangalore,field,normal,0,Royal Challengers Bangalore,0,6,Shaheed Veer Narayan Singh International Stadium
Gujarat Lions,Royal Challengers Bangalore,Royal Challengers Bangalore,field,normal,0,Royal Challengers Bangalore,0,4,M Chinnaswamy Stadium
Sunrisers Hyderabad,Kolkata Knight Riders,Kolkata Knight Riders,field,normal,0,Sunrisers Hyderabad,22,0,Feroz Shah Kotla
Gujarat Lions,Sunrisers Hyderabad,Sunrisers Hyderabad,field,normal,0,Sunrisers Hyderabad,0,4,Feroz Shah Kotla
Sunrisers Hyderabad,Royal Challengers Bangalore,Sunrisers Hyderabad,bat,normal,0,Sunrisers Hyderabad,8,0,M Chinnaswamy Stadium
Mumbai Indians,Chennai Super Kings,Chennai Super Kings,field,normal,0,Chennai Super Kings,0,1,Wankhede Stadium
Delhi Capitals,Kings XI Punjab,Kings XI Punjab,field,normal,0,Kings XI Punjab,0,6,"Punjab Cricket Association IS Bindra Stadium, Mohali"
Royal Challengers Bangalore,Kolkata Knight Riders,Kolkata Knight Riders,field,normal,0,Kolkata Knight Riders,0,4,Eden Gardens
Rajasthan Royals,Sunrisers Hyderabad,Sunrisers Hyderabad,field,normal,0,Sunrisers Hyderabad,0,9,"Rajiv Gandhi International Stadium, Uppal"
Kolkata Knight Riders,Chennai Super Kings,Chennai Super Kings,field,normal,0,Chennai Super Kings,0,5,"MA Chidambaram Stadium, Chepauk"
Rajasthan Royals,Delhi Capitals,Delhi Daredevils,field,normal,1,Rajasthan Royals,10,0,Sawai Mansingh Stadium
Mumbai Indians,Sunrisers Hyderabad,Sunrisers Hyderabad,field,normal,0,Sunrisers Hyderabad,0,1,"Rajiv Gandhi International Stadium, Uppal"
Kings XI Punjab,Royal Challengers Bangalore,Royal Challengers Bangalore,field,normal,0,Royal Challengers Bangalore,0,4,M Chinnaswamy Stadium
Mumbai Indians,Delhi Capitals,Delhi Daredevils,field,normal,0,Delhi Daredevils,0,7,Wankhede Stadium
Kolkata Knight Riders,Sunrisers Hyderabad,Sunrisers Hyderabad,field,normal,0,Sunrisers Hyderabad,0,5,Eden Gardens
Rajasthan Royals,Royal Challengers Bangalore,Royal Challengers Bangalore,field,normal,0,Rajasthan Royals,19,0,M Chinnaswamy Stadium
Kings XI Punjab,Chennai Super Kings,Chennai Super Kings,field,normal,0,Kings XI Punjab,4,0,"Punjab Cricket Association IS Bindra Stadium, Mohali"
Kolkata Knight Riders,Delhi Capitals,Delhi Daredevils,field,normal,0,Kolkata Knight Riders,71,0,Eden Gardens
Mumbai Indians,Royal Challengers Bangalore,Royal Challengers Bangalore,field,normal,0,Mumbai Indians,46,0,Wankhede Stadium
Rajasthan Royals,Kolkata Knight Riders,Kolkata Knight Riders,field,normal,0,Kolkata Knight Riders,0,7,Sawai Mansingh Stadium
Kings XI Punjab,Sunrisers Hyderabad,Kings XI Punjab,bat,normal,0,Kings XI Punjab,15,0,"Punjab Cricket Association IS Bindra Stadium, Mohali"
Chennai Super Kings,Rajasthan Royals,Rajasthan Royals,field,normal,0,Chennai Super Kings,64,0,Maharashtra Cricket Association Stadium
Kolkata Knight Riders,Kings XI Punjab,Kings XI Punjab,field,normal,1,Kings XI Punjab,0,9,Eden Gardens
Delhi Capitals,Royal Challengers Bangalore,Royal Challengers Bangalore,field,normal,0,Royal Challengers Bangalore,0,6,M Chinnaswamy Stadium
Chennai Super Kings,Sunrisers Hyderabad,Sunrisers Hyderabad,field,normal,0,Chennai Super Kings,4,0,"Rajiv Gandhi International Stadium, Uppal"
Mumbai Indians,Rajasthan Royals,Mumbai Indians,bat,normal,0,Rajasthan Royals,0,3,Sawai Mansingh Stadium
Kings XI Punjab,Delhi Capitals,Delhi Daredevils,field,normal,0,Kings XI Punjab,4,0,Feroz Shah Kotla
Sunrisers Hyderabad,Mumbai Indians,Mumbai Indians,field,normal,0,Sunrisers Hyderabad,31,0,Wankhede Stadium
Royal Challengers Bangalore,Chennai Super Kings,Chennai Super Kings,field,normal,0,Chennai Super Kings,0,5,M Chinnaswamy Stadium
Sunrisers Hyderabad,Kings XI Punjab,Kings XI Punjab,field,normal,0,Sunrisers Hyderabad,13,0,"Rajiv Gandhi International Stadium, Uppal"
Delhi Capitals,Kolkata Knight Riders,Kolkata Knight Riders,field,normal,0,Delhi Daredevils,55,0,Feroz Shah Kotla
Chennai Super Kings,Mumbai Indians,Mumbai Indians,field,normal,0,Mumbai Indians,0,8,Maharashtra Cricket Association Stadium
Sunrisers Hyderabad,Rajasthan Royals,Sunrisers Hyderabad,bat,normal,0,Sunrisers Hyderabad,11,0,Sawai Mansingh Stadium
Royal Challengers Bangalore,Kolkata Knight Riders,Kolkata Knight Riders,field,normal,0,Kolkata Knight Riders,0,6,M Chinnaswamy Stadium
Chennai Super Kings,Delhi Capitals,Delhi Daredevils,field,normal,0,Chennai Super Kings,13,0,Maharashtra Cricket Association Stadium
Royal Challengers Bangalore,Mumbai Indians,Mumbai Indians,field,normal,0,Royal Challengers Bangalore,14,0,M Chinnaswamy Stadium
Delhi Capitals,Rajasthan Royals,Rajasthan Royals,field,normal,1,Delhi Daredevils,4,0,Feroz Shah Kotla
Chennai Super Kings,Kolkata Knight Riders,Kolkata Knight Riders,field,normal,0,Kolkata Knight Riders,0,6,Eden Gardens
Kings XI Punjab,Mumbai Indians,Mumbai Indians,field,normal,0,Mumbai Indians,0,6,Holkar Cricket Stadium
Royal Challengers Bangalore,Chennai Super Kings,Chennai Super Kings,field,normal,0,Chennai Super Kings,0,6,Maharashtra Cricket Association Stadium
Delhi Capitals,Sunrisers Hyderabad,Delhi Daredevils,bat,normal,0,Sunrisers Hyderabad,0,7,"Rajiv Gandhi International Stadium, Uppal"
Mumbai Indians,Kolkata Knight Riders,Kolkata Knight Riders,field,normal,0,Mumbai Indians,13,0,Wankhede Stadium
Rajasthan Royals,Kings XI Punjab,Kings XI Punjab,field,normal,0,Kings XI Punjab,0,6,Holkar Cricket Stadium
Sunrisers Hyderabad,Royal Challengers Bangalore,Royal Challengers Bangalore,field,normal,0,Sunrisers Hyderabad,5,0,"Rajiv Gandhi International Stadium, Uppal"
Rajasthan Royals,Kings XI Punjab,Rajasthan Royals,bat,normal,0,Rajasthan Royals,15,0,Sawai Mansingh Stadium
Mumbai Indians,Kolkata Knight Riders,Kolkata Knight Riders,field,normal,0,Mumbai Indians,102,0,Eden Gardens
Delhi Capitals,Sunrisers Hyderabad,Delhi Daredevils,bat,normal,0,Sunrisers Hyderabad,0,9,Feroz Shah Kotla
Chennai Super Kings,Rajasthan Royals,Chennai Super Kings,bat,normal,0,Rajasthan Royals,0,4,Sawai Mansingh Stadium
Kolkata Knight Riders,Kings XI Punjab,Kings XI Punjab,field,normal,0,Kolkata Knight Riders,31,0,Holkar Cricket Stadium
Delhi Capitals,Royal Challengers Bangalore,Royal Challengers Bangalore,field,normal,0,Royal Challengers Bangalore,0,5,Feroz Shah Kotla
Sunrisers Hyderabad,Chennai Super Kings,Chennai Super Kings,field,normal,0,Chennai Super Kings,0,8,Maharashtra Cricket Association Stadium
Mumbai Indians,Rajasthan Royals,Rajasthan Royals,field,normal,0,Rajasthan Royals,0,7,Wankhede Stadium
Kings XI Punjab,Royal Challengers Bangalore,Royal Challengers Bangalore,field,normal,0,Royal Challengers Bangalore,0,10,Holkar Cricket Stadium
Rajasthan Royals,Kolkata Knight Riders,Kolkata Knight Riders,field,normal,0,Kolkata Knight Riders,0,6,Eden Gardens
Mumbai Indians,Kings XI Punjab,Kings XI Punjab,field,normal,0,Mumbai Indians,3,0,Wankhede Stadium
Royal Challengers Bangalore,Sunrisers Hyderabad,Sunrisers Hyderabad,field,normal,0,Royal Challengers Bangalore,14,0,M Chinnaswamy Stadium
Delhi Capitals,Chennai Super Kings,Chennai Super Kings,field,normal,0,Delhi Daredevils,34,0,Feroz Shah Kotla
Rajasthan Royals,Royal Challengers Bangalore,Rajasthan Royals,bat,normal,0,Rajasthan Royals,30,0,Sawai Mansingh Stadium
Sunrisers Hyderabad,Kolkata Knight Riders,Sunrisers Hyderabad,bat,normal,0,Kolkata Knight Riders,0,5,"Rajiv Gandhi International Stadium, Uppal"
Delhi Capitals,Mumbai Indians,Delhi Daredevils,bat,normal,0,Delhi Daredevils,11,0,Feroz Shah Kotla
Kings XI Punjab,Chennai Super Kings,Chennai Super Kings,field,normal,0,Chennai Super Kings,0,5,Maharashtra Cricket Association Stadium
Sunrisers Hyderabad,Chennai Super Kings,Chennai Super Kings,field,normal,0,Chennai Super Kings,0,2,Wankhede Stadium
Kolkata Knight Riders,Rajasthan Royals,Rajasthan Royals,field,normal,0,Kolkata Knight Riders,25,0,Eden Gardens
Sunrisers Hyderabad,Kolkata Knight Riders,Kolkata Knight Riders,field,normal,0,Sunrisers Hyderabad,14,0,Eden Gardens
Sunrisers Hyderabad,Chennai Super Kings,Chennai Super Kings,field,normal,0,Chennai Super Kings,0,8,Wankhede Stadium
Royal Challengers Bangalore,Chennai Super Kings,Chennai Super Kings,field,normal,0,Chennai Super Kings,0,7,M. A. Chidambaram Stadium
Sunrisers Hyderabad,Kolkata Knight Riders,Kolkata Knight Riders,field,normal,0,Kolkata Knight Riders,0,6,Eden Gardens
Delhi Capitals,Mumbai Indians,Mumbai Indians,field,normal,0,Delhi Capitals,37,0,Wankhede Stadium
Kings XI Punjab,Rajasthan Royals,Rajasthan Royals,field,normal,0,Kings XI Punjab,14,0,Sawai Mansingh Stadium
Delhi Capitals,Chennai Super Kings,Delhi Capitals,bat,normal,0,Chennai Super Kings,0,6,Feroz Shah Kotla Ground
Kolkata Knight Riders,Kings XI Punjab,Kings XI Punjab,field,normal,0,Kolkata Knight Riders,28,0,Eden Gardens
Mumbai Indians,Royal Challengers Bangalore,Royal Challengers Bangalore,field,normal,0,Mumbai Indians,6,0,M. Chinnaswamy Stadium
Rajasthan Royals,Sunrisers Hyderabad,Rajasthan Royals,bat,normal,0,Sunrisers Hyderabad,0,5,Rajiv Gandhi Intl. Cricket Stadium
Mumbai Indians,Kings XI Punjab,Kings XI Punjab,field,normal,0,Kings XI Punjab,0,8,IS Bindra Stadium
Kolkata Knight Riders,Delhi Capitals,Delhi Capitals,field,tie,0,Delhi Capitals,0,0,Feroz Shah Kotla Ground
Sunrisers Hyderabad,Royal Challengers Bangalore,Royal Challengers Bangalore,field,normal,0,Sunrisers Hyderabad,118,0,Rajiv Gandhi Intl. Cricket Stadium
Chennai Super Kings,Rajasthan Royals,Rajasthan Royals,field,normal,0,Chennai Super Kings,8,0,M. A. Chidambaram Stadium
Kings XI Punjab,Delhi Capitals,Delhi Capitals,field,normal,0,Kings XI Punjab,14,0,IS Bindra Stadium
Royal Challengers Bangalore,Rajasthan Royals,Rajasthan Royals,field,normal,0,Rajasthan Royals,0,7,Sawai Mansingh Stadium
Mumbai Indians,Chennai Super Kings,Chennai Super Kings,field,normal,0,Mumbai Indians,37,0,Wankhede Stadium
Delhi Capitals,Sunrisers Hyderabad,Sunrisers Hyderabad,field,normal,0,Sunrisers Hyderabad,0,5,Feroz Shah Kotla Ground
Royal Challengers Bangalore,Kolkata Knight Riders,Kolkata Knight Riders,field,normal,0,Kolkata Knight Riders,0,5,M. Chinnaswamy Stadium
Chennai Super Kings,Kings XI Punjab,Chennai Super Kings,bat,normal,0,Chennai Super Kings,22,0,M. A. Chidambaram Stadium
Mumbai Indians,Sunrisers Hyderabad,Sunrisers Hyderabad,field,normal,0,Mumbai Indians,40,0,Rajiv Gandhi Intl. Cricket Stadium
Royal Challengers Bangalore,Delhi Capitals,Delhi Capitals,field,normal,0,Delhi Capitals,0,4,M. Chinnaswamy Stadium
Rajasthan Royals,Kolkata Knight Riders,Kolkata Knight Riders,field,normal,0,Kolkata Knight Riders,0,8,Sawai Mansingh Stadium
Sunrisers Hyderabad,Kings XI Punjab,Kings XI Punjab,field,normal,0,Kings XI Punjab,0,6,IS Bindra Stadium
Kolkata Knight Riders,Chennai Super Kings,Chennai Super Kings,field,normal,0,Chennai Super Kings,0,7,M. A. Chidambaram Stadium
Kings XI Punjab,Mumbai Indians,Mumbai Indians,field,normal,0,Mumbai Indians,0,3,Wankhede Stadium
Rajasthan Royals,Chennai Super Kings,Chennai Super Kings,field,normal,0,Chennai Super Kings,0,4,Sawai Mansingh Stadium
Kolkata Knight Riders,Delhi Capitals,Delhi Capitals,field,normal,0,Delhi Capitals,0,7,Eden Gardens
Mumbai Indians,Rajasthan Royals,Rajasthan Royals,field,normal,0,Rajasthan Royals,0,4,Wankhede Stadium
Kings XI Punjab,Royal Challengers Bangalore,Royal Challengers Bangalore,field,normal,0,Royal Challengers Bangalore,0,8,IS Bindra Stadium
Kolkata Knight Riders,Chennai Super Kings,Chennai Super Kings,field,normal,0,Chennai Super Kings,0,5,Eden Gardens
Delhi Capitals,Sunrisers Hyderabad,Sunrisers Hyderabad,field,normal,0,Delhi Capitals,39,0,Rajiv Gandhi Intl. Cricket Stadium
Royal Challengers Bangalore,Mumbai Indians,Mumbai Indians,field,normal,0,Mumbai Indians,0,5,Wankhede Stadium
Kings XI Punjab,Rajasthan Royals,Rajasthan Royals,field,normal,0,Kings XI Punjab,12,0,IS Bindra Stadium
Chennai Super Kings,Sunrisers Hyderabad,Chennai Super Kings,bat,normal,0,Sunrisers Hyderabad,0,6,Rajiv Gandhi Intl. Cricket Stadium
Mumbai Indians,Delhi Capitals,Mumbai Indians,bat,normal,0,Mumbai Indians,40,0,Feroz Shah Kotla Ground
Royal Challengers Bangalore,Kolkata Knight Riders,Kolkata Knight Riders,field,normal,0,Royal Challengers Bangalore,10,0,Eden Gardens
Mumbai Indians,Rajasthan Royals,Rajasthan Royals,field,normal,0,Rajasthan Royals,0,5,Sawai Mansingh Stadium
Kings XI Punjab,Delhi Capitals,Delhi Capitals,field,normal,0,Delhi Capitals,0,5,Feroz Shah Kotla Ground
Kolkata Knight Riders,Sunrisers Hyderabad,Sunrisers Hyderabad,field,normal,0,Sunrisers Hyderabad,0,9,Rajiv Gandhi Intl. Cricket Stadium
Royal Challengers Bangalore,Chennai Super Kings,Chennai Super Kings,field,normal,0,Royal Challengers Bangalore,1,0,M. Chinnaswamy Stadium
Rajasthan Royals,Delhi Capitals,Delhi Capitals,field,normal,0,Delhi Capitals,0,6,Sawai Mansingh Stadium
Sunrisers Hyderabad,Chennai Super Kings,Chennai Super Kings,field,normal,0,Chennai Super Kings,0,6,M. A. Chidambaram Stadium
Royal Challengers Bangalore,Kings XI Punjab,Kings XI Punjab,field,normal,0,Royal Challengers Bangalore,17,0,M. Chinnaswamy Stadium
Kolkata Knight Riders,Rajasthan Royals,Rajasthan Royals,field,normal,0,Rajasthan Royals,0,3,Eden Gardens
Mumbai Indians,Chennai Super Kings,Chennai Super Kings,field,normal,0,Mumbai Indians,46,0,M. A. Chidambaram Stadium
Sunrisers Hyderabad,Rajasthan Royals,Rajasthan Royals,field,normal,0,Rajasthan Royals,0,7,Sawai Mansingh Stadium
Delhi Capitals,Royal Challengers Bangalore,Delhi Capitals,bat,normal,0,Delhi Capitals,16,0,Feroz Shah Kotla Ground
Kolkata Knight Riders,Mumbai Indians,Mumbai Indians,field,normal,0,Kolkata Knight Riders,34,0,Eden Gardens
Sunrisers Hyderabad,Kings XI Punjab,Kings XI Punjab,field,normal,0,Sunrisers Hyderabad,45,0,Rajiv Gandhi Intl. Cricket Stadium
Royal Challengers Bangalore,Rajasthan Royals,Rajasthan Royals,field,no result,0,,0,0,M. Chinnaswamy Stadium
Chennai Super Kings,Delhi Capitals,Delhi Capitals,field,normal,0,Chennai Super Kings,80,0,M. A. Chidambaram Stadium
Mumbai Indians,Sunrisers Hyderabad,Mumbai Indians,bat,tie,0,Mumbai Indians,0,0,Wankhede Stadium
Kings XI Punjab,Kolkata Knight Riders,Kolkata Knight Riders,field,normal,0,Kolkata Knight Riders,0,7,IS Bindra Stadium
Rajasthan Royals,Delhi Capitals,Rajasthan Royals,bat,normal,0,Delhi Capitals,0,5,Feroz Shah Kotla Ground
Sunrisers Hyderabad,Royal Challengers Bangalore,Royal Challengers Bangalore,field,normal,0,Royal Challengers Bangalore,0,4,M. Chinnaswamy Stadium
Chennai Super Kings,Kings XI Punjab,Kings XI Punjab,field,normal,0,Kings XI Punjab,0,6,IS Bindra Stadium
Kolkata Knight Riders,Mumbai Indians,Mumbai Indians,field,normal,0,Mumbai Indians,0,9,Wankhede Stadium
Chennai Super Kings,Mumbai Indians,Chennai Super Kings,bat,normal,0,Mumbai Indians,0,6,M. A. Chidambaram Stadium
Sunrisers Hyderabad,Delhi Capitals,Delhi Capitals,field,normal,0,Delhi Capitals,0,2,ACA-VDCA Stadium
Delhi Capitals,Chennai Super Kings,Chennai Super Kings,field,normal,0,Chennai Super Kings,0,6,ACA-VDCA Stadium
Mumbai Indians,Chennai Super Kings,Mumbai Indians,bat,normal,0,Mumbai Indians,1,0,Rajiv Gandhi Intl. Cricket Stadium
